record_id,subset,label,duration_s,n_segments,cache_path,fold
a0001,training-a,abnormal,35.666,13,cache/cinc2016/a0001.npz,2
a0002,training-a,abnormal,20.8285,7,cache/cinc2016/a0002.npz,2
a0003,training-a,abnormal,30.72,11,cache/cinc2016/a0003.npz,3
a0004,training-a,abnormal,35.5965,13,cache/cinc2016/a0004.npz,1
a0005,training-a,abnormal,35.666,13,cache/cinc2016/a0005.npz,3
a0006,training-a,abnormal,20.759,7,cache/cinc2016/a0006.npz,2
a0007,training-a,normal,35.666,13,cache/cinc2016/a0007.npz,4
a0008,training-a,abnormal,35.8055,13,cache/cinc2016/a0008.npz,4
a0009,training-a,normal,35.8055,13,cache/cinc2016/a0009.npz,0
a0010,training-a,abnormal,35.736,13,cache/cinc2016/a0010.npz,3
a0011,training-a,normal,35.5965,13,cache/cinc2016/a0011.npz,0
a0012,training-a,normal,30.8595,11,cache/cinc2016/a0012.npz,0
a0013,training-a,abnormal,35.666,13,cache/cinc2016/a0013.npz,4
a0014,training-a,abnormal,35.736,13,cache/cinc2016/a0014.npz,0
a0015,training-a,abnormal,35.736,13,cache/cinc2016/a0015.npz,0
a0016,training-a,normal,30.79,11,cache/cinc2016/a0016.npz,1
a0017,training-a,abnormal,35.666,13,cache/cinc2016/a0017.npz,3
a0018,training-a,abnormal,20.898,7,cache/cinc2016/a0018.npz,2
a0019,training-a,normal,30.8595,11,cache/cinc2016/a0019.npz,2
a0020,training-a,abnormal,35.666,13,cache/cinc2016/a0020.npz,1
a0021,training-a,abnormal,35.5965,13,cache/cinc2016/a0021.npz,1
a0022,training-a,abnormal,36.1535,13,cache/cinc2016/a0022.npz,0
a0023,training-a,abnormal,30.581,11,cache/cinc2016/a0023.npz,0
a0024,training-a,abnormal,20.689,7,cache/cinc2016/a0024.npz,1
a0025,training-a,normal,31.138,11,cache/cinc2016/a0025.npz,1
a0026,training-a,abnormal,35.5965,13,cache/cinc2016/a0026.npz,1
a0027,training-a,normal,31.138,11,cache/cinc2016/a0027.npz,2
a0028,training-a,normal,30.8595,11,cache/cinc2016/a0028.npz,0
a0029,training-a,normal,30.72,11,cache/cinc2016/a0029.npz,0
a0030,training-a,abnormal,36.2235,13,cache/cinc2016/a0030.npz,1
a0031,training-a,abnormal,35.5965,13,cache/cinc2016/a0031.npz,0
a0032,training-a,normal,35.666,13,cache/cinc2016/a0032.npz,3
a0033,training-a,abnormal,35.666,13,cache/cinc2016/a0033.npz,3
a0034,training-a,abnormal,30.581,11,cache/cinc2016/a0034.npz,2
a0035,training-a,normal,28.9825,10,cache/cinc2016/a0035.npz,2
a0036,training-a,abnormal,35.9445,13,cache/cinc2016/a0036.npz,3
a0037,training-a,abnormal,35.736,13,cache/cinc2016/a0037.npz,4
a0038,training-a,normal,34.63,12,cache/cinc2016/a0038.npz,2
a0039,training-a,abnormal,30.72,11,cache/cinc2016/a0039.npz,2
a0040,training-a,abnormal,35.666,13,cache/cinc2016/a0040.npz,3
a0041,training-a,abnormal,35.109,13,cache/cinc2016/a0041.npz,1
a0042,training-a,abnormal,36.1535,13,cache/cinc2016/a0042.npz,2
a0043,training-a,abnormal,35.5965,13,cache/cinc2016/a0043.npz,0
a0044,training-a,abnormal,30.6505,11,cache/cinc2016/a0044.npz,4
a0045,training-a,abnormal,35.875,13,cache/cinc2016/a0045.npz,4
a0046,training-a,abnormal,35.736,13,cache/cinc2016/a0046.npz,4
a0047,training-a,abnormal,35.5965,13,cache/cinc2016/a0047.npz,1
a0048,training-a,abnormal,36.2235,13,cache/cinc2016/a0048.npz,1
a0049,training-a,normal,30.8595,11,cache/cinc2016/a0049.npz,3
a0050,training-a,normal,30.6505,11,cache/cinc2016/a0050.npz,2
a0051,training-a,abnormal,35.5965,13,cache/cinc2016/a0051.npz,0
a0052,training-a,abnormal,35.736,13,cache/cinc2016/a0052.npz,0
a0053,training-a,normal,35.875,13,cache/cinc2016/a0053.npz,1
a0054,training-a,abnormal,35.666,13,cache/cinc2016/a0054.npz,4
a0055,training-a,normal,35.666,13,cache/cinc2016/a0055.npz,1
a0056,training-a,abnormal,30.79,11,cache/cinc2016/a0056.npz,0
a0057,training-a,abnormal,35.9445,13,cache/cinc2016/a0057.npz,4
a0058,training-a,abnormal,20.6195,7,cache/cinc2016/a0058.npz,4
a0059,training-a,abnormal,35.666,13,cache/cinc2016/a0059.npz,3
a0060,training-a,abnormal,35.666,13,cache/cinc2016/a0060.npz,0
a0061,training-a,abnormal,30.79,11,cache/cinc2016/a0061.npz,1
a0062,training-a,abnormal,36.084,13,cache/cinc2016/a0062.npz,2
a0063,training-a,abnormal,35.666,13,cache/cinc2016/a0063.npz,3
a0064,training-a,abnormal,35.5965,13,cache/cinc2016/a0064.npz,4
a0065,training-a,abnormal,35.736,13,cache/cinc2016/a0065.npz,0
a0066,training-a,abnormal,35.5965,13,cache/cinc2016/a0066.npz,0
a0067,training-a,abnormal,20.8285,7,cache/cinc2016/a0067.npz,2
a0068,training-a,normal,35.736,13,cache/cinc2016/a0068.npz,2
a0069,training-a,normal,30.999,11,cache/cinc2016/a0069.npz,3
a0070,training-a,normal,30.79,11,cache/cinc2016/a0070.npz,0
a0071,training-a,normal,29.6295,10,cache/cinc2016/a0071.npz,2
a0072,training-a,abnormal,36.293,13,cache/cinc2016/a0072.npz,3
a0073,training-a,abnormal,35.666,13,cache/cinc2016/a0073.npz,3
a0074,training-a,abnormal,35.5965,13,cache/cinc2016/a0074.npz,0
a0075,training-a,abnormal,35.736,13,cache/cinc2016/a0075.npz,4
a0076,training-a,abnormal,35.666,13,cache/cinc2016/a0076.npz,0
a0077,training-a,abnormal,35.736,13,cache/cinc2016/a0077.npz,4
a0078,training-a,abnormal,35.736,13,cache/cinc2016/a0078.npz,2
a0079,training-a,abnormal,30.6505,11,cache/cinc2016/a0079.npz,2
a0080,training-a,normal,30.999,11,cache/cinc2016/a0080.npz,0
a0081,training-a,normal,35.666,13,cache/cinc2016/a0081.npz,0
a0082,training-a,abnormal,30.6505,11,cache/cinc2016/a0082.npz,4
a0083,training-a,abnormal,35.666,13,cache/cinc2016/a0083.npz,2
a0084,training-a,abnormal,30.79,11,cache/cinc2016/a0084.npz,1
a0085,training-a,normal,30.8595,11,cache/cinc2016/a0085.npz,1
a0086,training-a,normal,36.2235,13,cache/cinc2016/a0086.npz,1
a0087,training-a,abnormal,20.6195,7,cache/cinc2016/a0087.npz,0
a0088,training-a,normal,36.0145,13,cache/cinc2016/a0088.npz,3
a0089,training-a,abnormal,20.968,7,cache/cinc2016/a0089.npz,0
a0090,training-a,abnormal,20.4105,7,cache/cinc2016/a0090.npz,1
a0091,training-a,normal,30.6505,11,cache/cinc2016/a0091.npz,4
a0092,training-a,abnormal,35.875,13,cache/cinc2016/a0092.npz,1
a0093,training-a,normal,30.72,11,cache/cinc2016/a0093.npz,1
a0094,training-a,normal,35.666,13,cache/cinc2016/a0094.npz,2
a0095,training-a,abnormal,35.5965,13,cache/cinc2016/a0095.npz,4
a0096,training-a,abnormal,35.666,13,cache/cinc2016/a0096.npz,2
a0097,training-a,abnormal,35.666,13,cache/cinc2016/a0097.npz,2
a0098,training-a,abnormal,28.5425,10,cache/cinc2016/a0098.npz,0
a0099,training-a,abnormal,35.666,13,cache/cinc2016/a0099.npz,1
a0100,training-a,abnormal,20.6195,7,cache/cinc2016/a0100.npz,0
a0101,training-a,abnormal,35.8055,13,cache/cinc2016/a0101.npz,0
a0102,training-a,normal,35.5965,13,cache/cinc2016/a0102.npz,0
a0103,training-a,abnormal,20.898,7,cache/cinc2016/a0103.npz,2
a0104,training-a,abnormal,20.6195,7,cache/cinc2016/a0104.npz,4
a0105,training-a,normal,35.2425,13,cache/cinc2016/a0105.npz,3
a0106,training-a,normal,35.666,13,cache/cinc2016/a0106.npz,2
a0107,training-a,abnormal,36.293,13,cache/cinc2016/a0107.npz,0
a0108,training-a,normal,32.4845,11,cache/cinc2016/a0108.npz,1
a0109,training-a,normal,30.6505,11,cache/cinc2016/a0109.npz,3
a0110,training-a,abnormal,35.5965,13,cache/cinc2016/a0110.npz,0
a0111,training-a,abnormal,35.666,13,cache/cinc2016/a0111.npz,2
a0112,training-a,abnormal,36.1535,13,cache/cinc2016/a0112.npz,1
a0113,training-a,abnormal,36.1535,13,cache/cinc2016/a0113.npz,4
a0114,training-a,abnormal,35.736,13,cache/cinc2016/a0114.npz,2
a0115,training-a,abnormal,36.0145,13,cache/cinc2016/a0115.npz,3
a0116,training-a,abnormal,20.689,7,cache/cinc2016/a0116.npz,2
a0117,training-a,abnormal,35.109,13,cache/cinc2016/a0117.npz,2
a0118,training-a,normal,30.8595,11,cache/cinc2016/a0118.npz,0
a0119,training-a,abnormal,35.736,13,cache/cinc2016/a0119.npz,0
a0120,training-a,abnormal,36.084,13,cache/cinc2016/a0120.npz,3
a0121,training-a,abnormal,35.666,13,cache/cinc2016/a0121.npz,0
a0122,training-a,abnormal,35.666,13,cache/cinc2016/a0122.npz,1
a0123,training-a,abnormal,20.6195,7,cache/cinc2016/a0123.npz,2
a0124,training-a,abnormal,35.875,13,cache/cinc2016/a0124.npz,0
a0125,training-a,normal,35.666,13,cache/cinc2016/a0125.npz,3
a0126,training-a,abnormal,35.666,13,cache/cinc2016/a0126.npz,4
a0127,training-a,normal,35.5965,13,cache/cinc2016/a0127.npz,1
a0128,training-a,abnormal,35.666,13,cache/cinc2016/a0128.npz,2
a0129,training-a,normal,36.293,13,cache/cinc2016/a0129.npz,1
a0130,training-a,abnormal,35.5965,13,cache/cinc2016/a0130.npz,0
a0131,training-a,abnormal,19.4555,6,cache/cinc2016/a0131.npz,1
a0132,training-a,abnormal,30.6215,11,cache/cinc2016/a0132.npz,4
a0133,training-a,abnormal,36.1535,13,cache/cinc2016/a0133.npz,4
a0134,training-a,abnormal,35.9445,13,cache/cinc2016/a0134.npz,3
a0135,training-a,abnormal,35.5965,13,cache/cinc2016/a0135.npz,0
a0136,training-a,normal,30.79,11,cache/cinc2016/a0136.npz,0
a0137,training-a,abnormal,35.8055,13,cache/cinc2016/a0137.npz,2
a0138,training-a,abnormal,21.0375,7,cache/cinc2016/a0138.npz,4
a0139,training-a,normal,31.138,11,cache/cinc2016/a0139.npz,3
a0140,training-a,normal,35.666,13,cache/cinc2016/a0140.npz,2
a0141,training-a,normal,30.8595,11,cache/cinc2016/a0141.npz,3
a0142,training-a,abnormal,35.666,13,cache/cinc2016/a0142.npz,1
a0143,training-a,abnormal,35.666,13,cache/cinc2016/a0143.npz,0
a0144,training-a,abnormal,36.293,13,cache/cinc2016/a0144.npz,2
a0145,training-a,abnormal,36.293,13,cache/cinc2016/a0145.npz,3
a0146,training-a,abnormal,30.6505,11,cache/cinc2016/a0146.npz,2
a0147,training-a,abnormal,35.666,13,cache/cinc2016/a0147.npz,4
a0148,training-a,abnormal,36.084,13,cache/cinc2016/a0148.npz,2
a0149,training-a,abnormal,35.8055,13,cache/cinc2016/a0149.npz,1
a0150,training-a,abnormal,36.0145,13,cache/cinc2016/a0150.npz,0
a0151,training-a,abnormal,35.5965,13,cache/cinc2016/a0151.npz,4
a0152,training-a,abnormal,35.5965,13,cache/cinc2016/a0152.npz,0
a0153,training-a,normal,30.6505,11,cache/cinc2016/a0153.npz,4
a0154,training-a,normal,30.8595,11,cache/cinc2016/a0154.npz,0
a0155,training-a,normal,35.736,13,cache/cinc2016/a0155.npz,0
a0156,training-a,abnormal,20.759,7,cache/cinc2016/a0156.npz,1
a0157,training-a,abnormal,35.9445,13,cache/cinc2016/a0157.npz,0
a0158,training-a,abnormal,20.8285,7,cache/cinc2016/a0158.npz,2
a0159,training-a,abnormal,35.736,13,cache/cinc2016/a0159.npz,2
a0160,training-a,abnormal,35.5965,13,cache/cinc2016/a0160.npz,4
a0161,training-a,normal,35.875,13,cache/cinc2016/a0161.npz,1
a0162,training-a,abnormal,20.6195,7,cache/cinc2016/a0162.npz,0
a0163,training-a,abnormal,30.6505,11,cache/cinc2016/a0163.npz,1
a0164,training-a,abnormal,36.293,13,cache/cinc2016/a0164.npz,1
a0165,training-a,normal,30.8595,11,cache/cinc2016/a0165.npz,4
a0166,training-a,abnormal,35.736,13,cache/cinc2016/a0166.npz,0
a0167,training-a,abnormal,35.5965,13,cache/cinc2016/a0167.npz,4
a0168,training-a,abnormal,35.5965,13,cache/cinc2016/a0168.npz,2
a0169,training-a,abnormal,35.5965,13,cache/cinc2016/a0169.npz,4
a0170,training-a,abnormal,35.5965,13,cache/cinc2016/a0170.npz,1
a0171,training-a,normal,35.5965,13,cache/cinc2016/a0171.npz,3
a0172,training-a,abnormal,35.736,13,cache/cinc2016/a0172.npz,4
a0173,training-a,abnormal,20.689,7,cache/cinc2016/a0173.npz,0
a0174,training-a,abnormal,21.177,7,cache/cinc2016/a0174.npz,1
a0175,training-a,abnormal,30.581,11,cache/cinc2016/a0175.npz,0
a0176,training-a,abnormal,35.666,13,cache/cinc2016/a0176.npz,4
a0177,training-a,abnormal,35.736,13,cache/cinc2016/a0177.npz,4
a0178,training-a,normal,35.666,13,cache/cinc2016/a0178.npz,2
a0179,training-a,normal,30.8595,11,cache/cinc2016/a0179.npz,0
a0180,training-a,abnormal,36.0145,13,cache/cinc2016/a0180.npz,4
a0181,training-a,normal,35.8055,13,cache/cinc2016/a0181.npz,0
a0182,training-a,abnormal,35.8055,13,cache/cinc2016/a0182.npz,3
a0183,training-a,abnormal,35.666,13,cache/cinc2016/a0183.npz,1
a0184,training-a,normal,35.5965,13,cache/cinc2016/a0184.npz,1
a0185,training-a,normal,35.666,13,cache/cinc2016/a0185.npz,3
a0186,training-a,abnormal,35.666,13,cache/cinc2016/a0186.npz,1
a0187,training-a,abnormal,35.736,13,cache/cinc2016/a0187.npz,0
a0188,training-a,abnormal,36.293,13,cache/cinc2016/a0188.npz,3
a0189,training-a,normal,36.0145,13,cache/cinc2016/a0189.npz,3
a0190,training-a,abnormal,35.5965,13,cache/cinc2016/a0190.npz,4
a0191,training-a,abnormal,36.2235,13,cache/cinc2016/a0191.npz,3
a0192,training-a,abnormal,35.875,13,cache/cinc2016/a0192.npz,0
a0193,training-a,normal,30.8595,11,cache/cinc2016/a0193.npz,3
a0194,training-a,abnormal,20.689,7,cache/cinc2016/a0194.npz,1
a0195,training-a,normal,30.8595,11,cache/cinc2016/a0195.npz,3
a0196,training-a,normal,30.72,11,cache/cinc2016/a0196.npz,2
a0197,training-a,abnormal,35.666,13,cache/cinc2016/a0197.npz,3
a0198,training-a,abnormal,35.666,13,cache/cinc2016/a0198.npz,0
a0199,training-a,normal,35.875,13,cache/cinc2016/a0199.npz,0
a0200,training-a,abnormal,36.0145,13,cache/cinc2016/a0200.npz,2
a0201,training-a,abnormal,35.5965,13,cache/cinc2016/a0201.npz,2
a0202,training-a,abnormal,36.1535,13,cache/cinc2016/a0202.npz,1
a0203,training-a,abnormal,35.875,13,cache/cinc2016/a0203.npz,2
a0204,training-a,normal,31.0685,11,cache/cinc2016/a0204.npz,3
a0205,training-a,abnormal,20.6195,7,cache/cinc2016/a0205.npz,3
a0206,training-a,abnormal,35.5965,13,cache/cinc2016/a0206.npz,3
a0207,training-a,abnormal,35.736,13,cache/cinc2016/a0207.npz,4
a0208,training-a,normal,33.2305,12,cache/cinc2016/a0208.npz,4
a0209,training-a,abnormal,35.5965,13,cache/cinc2016/a0209.npz,1
a0210,training-a,normal,30.79,11,cache/cinc2016/a0210.npz,4
a0211,training-a,normal,30.6505,11,cache/cinc2016/a0211.npz,0
a0212,training-a,normal,35.666,13,cache/cinc2016/a0212.npz,2
a0213,training-a,abnormal,36.084,13,cache/cinc2016/a0213.npz,3
a0214,training-a,abnormal,35.5965,13,cache/cinc2016/a0214.npz,2
a0215,training-a,abnormal,36.1535,13,cache/cinc2016/a0215.npz,2
a0216,training-a,abnormal,35.5965,13,cache/cinc2016/a0216.npz,2
a0217,training-a,abnormal,35.5965,13,cache/cinc2016/a0217.npz,4
a0218,training-a,abnormal,35.666,13,cache/cinc2016/a0218.npz,4
a0219,training-a,abnormal,35.5965,13,cache/cinc2016/a0219.npz,3
a0220,training-a,abnormal,35.109,13,cache/cinc2016/a0220.npz,3
a0221,training-a,abnormal,35.5965,13,cache/cinc2016/a0221.npz,2
a0222,training-a,abnormal,30.8595,11,cache/cinc2016/a0222.npz,1
a0223,training-a,abnormal,20.689,7,cache/cinc2016/a0223.npz,2
a0224,training-a,abnormal,36.2235,13,cache/cinc2016/a0224.npz,0
a0225,training-a,abnormal,35.5965,13,cache/cinc2016/a0225.npz,0
a0226,training-a,abnormal,31.044,11,cache/cinc2016/a0226.npz,4
a0227,training-a,normal,30.6505,11,cache/cinc2016/a0227.npz,1
a0228,training-a,abnormal,27.1675,9,cache/cinc2016/a0228.npz,1
a0229,training-a,normal,30.79,11,cache/cinc2016/a0229.npz,1
a0230,training-a,abnormal,36.2235,13,cache/cinc2016/a0230.npz,4
a0231,training-a,normal,30.8595,11,cache/cinc2016/a0231.npz,0
a0232,training-a,abnormal,36.2235,13,cache/cinc2016/a0232.npz,4
a0233,training-a,abnormal,35.666,13,cache/cinc2016/a0233.npz,0
a0234,training-a,abnormal,35.666,13,cache/cinc2016/a0234.npz,0
a0235,training-a,normal,30.581,11,cache/cinc2016/a0235.npz,2
a0236,training-a,abnormal,36.0145,13,cache/cinc2016/a0236.npz,3
a0237,training-a,abnormal,35.5965,13,cache/cinc2016/a0237.npz,2
a0238,training-a,normal,9.265,2,cache/cinc2016/a0238.npz,1
a0239,training-a,abnormal,20.898,7,cache/cinc2016/a0239.npz,3
a0240,training-a,abnormal,35.666,13,cache/cinc2016/a0240.npz,3
a0241,training-a,normal,35.5965,13,cache/cinc2016/a0241.npz,1
a0242,training-a,abnormal,35.5965,13,cache/cinc2016/a0242.npz,3
a0243,training-a,normal,36.2235,13,cache/cinc2016/a0243.npz,1
a0244,training-a,abnormal,35.5965,13,cache/cinc2016/a0244.npz,4
a0245,training-a,abnormal,35.736,13,cache/cinc2016/a0245.npz,1
a0246,training-a,abnormal,35.666,13,cache/cinc2016/a0246.npz,3
a0247,training-a,abnormal,35.666,13,cache/cinc2016/a0247.npz,0
a0248,training-a,abnormal,30.5315,11,cache/cinc2016/a0248.npz,0
a0249,training-a,abnormal,35.666,13,cache/cinc2016/a0249.npz,0
a0250,training-a,normal,30.999,11,cache/cinc2016/a0250.npz,4
a0251,training-a,abnormal,20.6195,7,cache/cinc2016/a0251.npz,1
a0252,training-a,abnormal,21.0375,7,cache/cinc2016/a0252.npz,4
a0253,training-a,normal,35.8055,13,cache/cinc2016/a0253.npz,1
a0254,training-a,abnormal,31.3255,11,cache/cinc2016/a0254.npz,4
a0255,training-a,abnormal,35.8055,13,cache/cinc2016/a0255.npz,0
a0256,training-a,abnormal,20.8285,7,cache/cinc2016/a0256.npz,0
a0257,training-a,abnormal,35.8055,13,cache/cinc2016/a0257.npz,3
a0258,training-a,abnormal,35.736,13,cache/cinc2016/a0258.npz,4
a0259,training-a,abnormal,35.9445,13,cache/cinc2016/a0259.npz,1
a0260,training-a,abnormal,35.736,13,cache/cinc2016/a0260.npz,2
a0261,training-a,abnormal,35.5965,13,cache/cinc2016/a0261.npz,1
a0262,training-a,abnormal,35.666,13,cache/cinc2016/a0262.npz,3
a0263,training-a,abnormal,30.79,11,cache/cinc2016/a0263.npz,2
a0264,training-a,normal,30.79,11,cache/cinc2016/a0264.npz,0
a0265,training-a,abnormal,20.968,7,cache/cinc2016/a0265.npz,1
a0266,training-a,normal,35.5965,13,cache/cinc2016/a0266.npz,3
a0267,training-a,abnormal,20.689,7,cache/cinc2016/a0267.npz,3
a0268,training-a,abnormal,30.8595,11,cache/cinc2016/a0268.npz,3
a0269,training-a,abnormal,35.5965,13,cache/cinc2016/a0269.npz,0
a0270,training-a,normal,30.79,11,cache/cinc2016/a0270.npz,4
a0271,training-a,normal,30.8595,11,cache/cinc2016/a0271.npz,2
a0272,training-a,abnormal,35.875,13,cache/cinc2016/a0272.npz,3
a0273,training-a,abnormal,35.8055,13,cache/cinc2016/a0273.npz,4
a0274,training-a,normal,36.2235,13,cache/cinc2016/a0274.npz,4
a0275,training-a,abnormal,30.8595,11,cache/cinc2016/a0275.npz,3
a0276,training-a,abnormal,35.8055,13,cache/cinc2016/a0276.npz,0
a0277,training-a,abnormal,31.138,11,cache/cinc2016/a0277.npz,0
a0278,training-a,abnormal,35.5965,13,cache/cinc2016/a0278.npz,1
a0279,training-a,abnormal,35.5965,13,cache/cinc2016/a0279.npz,2
a0280,training-a,abnormal,35.736,13,cache/cinc2016/a0280.npz,1
a0281,training-a,abnormal,28.574,10,cache/cinc2016/a0281.npz,4
a0282,training-a,abnormal,35.736,13,cache/cinc2016/a0282.npz,1
a0283,training-a,normal,30.79,11,cache/cinc2016/a0283.npz,1
a0284,training-a,abnormal,35.666,13,cache/cinc2016/a0284.npz,3
a0285,training-a,normal,35.666,13,cache/cinc2016/a0285.npz,0
a0286,training-a,abnormal,35.666,13,cache/cinc2016/a0286.npz,4
a0287,training-a,normal,30.8595,11,cache/cinc2016/a0287.npz,3
a0288,training-a,abnormal,35.5965,13,cache/cinc2016/a0288.npz,1
a0289,training-a,normal,30.8595,11,cache/cinc2016/a0289.npz,0
a0290,training-a,normal,31.138,11,cache/cinc2016/a0290.npz,2
a0291,training-a,abnormal,35.666,13,cache/cinc2016/a0291.npz,2
a0292,training-a,abnormal,36.2235,13,cache/cinc2016/a0292.npz,0
a0293,training-a,normal,30.72,11,cache/cinc2016/a0293.npz,4
a0294,training-a,normal,35.875,13,cache/cinc2016/a0294.npz,1
a0295,training-a,abnormal,35.8055,13,cache/cinc2016/a0295.npz,4
a0296,training-a,abnormal,12.9775,4,cache/cinc2016/a0296.npz,1
a0297,training-a,abnormal,35.666,13,cache/cinc2016/a0297.npz,0
a0298,training-a,normal,30.999,11,cache/cinc2016/a0298.npz,1
a0299,training-a,normal,30.8595,11,cache/cinc2016/a0299.npz,0
a0300,training-a,abnormal,30.72,11,cache/cinc2016/a0300.npz,0
a0301,training-a,normal,30.79,11,cache/cinc2016/a0301.npz,3
a0302,training-a,normal,36.0145,13,cache/cinc2016/a0302.npz,4
a0303,training-a,abnormal,35.8055,13,cache/cinc2016/a0303.npz,2
a0304,training-a,normal,35.666,13,cache/cinc2016/a0304.npz,1
a0305,training-a,abnormal,35.736,13,cache/cinc2016/a0305.npz,2
a0306,training-a,abnormal,30.6505,11,cache/cinc2016/a0306.npz,4
a0307,training-a,abnormal,34.165,12,cache/cinc2016/a0307.npz,2
a0308,training-a,abnormal,32.942,12,cache/cinc2016/a0308.npz,0
a0309,training-a,normal,30.8595,11,cache/cinc2016/a0309.npz,4
a0310,training-a,normal,30.8595,11,cache/cinc2016/a0310.npz,4
a0311,training-a,normal,30.8595,11,cache/cinc2016/a0311.npz,0
a0312,training-a,abnormal,35.666,13,cache/cinc2016/a0312.npz,2
a0313,training-a,abnormal,35.5965,13,cache/cinc2016/a0313.npz,1
a0314,training-a,abnormal,20.6195,7,cache/cinc2016/a0314.npz,3
a0315,training-a,abnormal,20.6195,7,cache/cinc2016/a0315.npz,1
a0316,training-a,abnormal,20.6195,7,cache/cinc2016/a0316.npz,1
a0317,training-a,abnormal,35.736,13,cache/cinc2016/a0317.npz,1
a0318,training-a,abnormal,21.804,7,cache/cinc2016/a0318.npz,2
a0319,training-a,abnormal,36.0145,13,cache/cinc2016/a0319.npz,0
a0320,training-a,abnormal,35.8055,13,cache/cinc2016/a0320.npz,2
a0321,training-a,abnormal,30.6505,11,cache/cinc2016/a0321.npz,4
a0322,training-a,abnormal,30.8595,11,cache/cinc2016/a0322.npz,2
a0323,training-a,normal,20.6195,7,cache/cinc2016/a0323.npz,0
a0324,training-a,abnormal,36.502,13,cache/cinc2016/a0324.npz,4
a0325,training-a,normal,36.1535,13,cache/cinc2016/a0325.npz,0
a0326,training-a,abnormal,35.736,13,cache/cinc2016/a0326.npz,0
a0327,training-a,abnormal,35.666,13,cache/cinc2016/a0327.npz,1
a0328,training-a,normal,30.72,11,cache/cinc2016/a0328.npz,0
a0329,training-a,normal,36.1535,13,cache/cinc2016/a0329.npz,2
a0330,training-a,normal,35.666,13,cache/cinc2016/a0330.npz,3
a0331,training-a,abnormal,28.561,10,cache/cinc2016/a0331.npz,4
a0332,training-a,normal,36.084,13,cache/cinc2016/a0332.npz,2
a0333,training-a,abnormal,35.736,13,cache/cinc2016/a0333.npz,1
a0334,training-a,normal,35.666,13,cache/cinc2016/a0334.npz,0
a0335,training-a,abnormal,36.293,13,cache/cinc2016/a0335.npz,1
a0336,training-a,abnormal,12.7945,4,cache/cinc2016/a0336.npz,2
a0337,training-a,normal,30.8595,11,cache/cinc2016/a0337.npz,1
a0338,training-a,abnormal,35.875,13,cache/cinc2016/a0338.npz,1
a0339,training-a,abnormal,35.666,13,cache/cinc2016/a0339.npz,0
a0340,training-a,normal,35.5965,13,cache/cinc2016/a0340.npz,2
a0341,training-a,abnormal,33.3585,12,cache/cinc2016/a0341.npz,4
a0342,training-a,normal,31.138,11,cache/cinc2016/a0342.npz,2
a0343,training-a,abnormal,36.293,13,cache/cinc2016/a0343.npz,0
a0344,training-a,abnormal,35.5965,13,cache/cinc2016/a0344.npz,3
a0345,training-a,abnormal,35.5965,13,cache/cinc2016/a0345.npz,0
a0346,training-a,abnormal,35.5965,13,cache/cinc2016/a0346.npz,2
a0347,training-a,abnormal,20.689,7,cache/cinc2016/a0347.npz,2
a0348,training-a,abnormal,36.1535,13,cache/cinc2016/a0348.npz,3
a0349,training-a,abnormal,35.5965,13,cache/cinc2016/a0349.npz,1
a0350,training-a,abnormal,32.0785,11,cache/cinc2016/a0350.npz,0
a0351,training-a,normal,35.666,13,cache/cinc2016/a0351.npz,0
a0352,training-a,normal,36.293,13,cache/cinc2016/a0352.npz,2
a0353,training-a,normal,30.6505,11,cache/cinc2016/a0353.npz,0
a0354,training-a,abnormal,35.666,13,cache/cinc2016/a0354.npz,2
a0355,training-a,normal,36.2235,13,cache/cinc2016/a0355.npz,3
a0356,training-a,abnormal,35.666,13,cache/cinc2016/a0356.npz,4
a0357,training-a,abnormal,30.8595,11,cache/cinc2016/a0357.npz,1
a0358,training-a,abnormal,20.6195,7,cache/cinc2016/a0358.npz,1
a0359,training-a,normal,30.6505,11,cache/cinc2016/a0359.npz,1
a0360,training-a,abnormal,20.6195,7,cache/cinc2016/a0360.npz,0
a0361,training-a,normal,30.999,11,cache/cinc2016/a0361.npz,2
a0362,training-a,abnormal,35.875,13,cache/cinc2016/a0362.npz,4
a0363,training-a,abnormal,35.5965,13,cache/cinc2016/a0363.npz,0
a0364,training-a,abnormal,35.9445,13,cache/cinc2016/a0364.npz,3
a0365,training-a,abnormal,30.6505,11,cache/cinc2016/a0365.npz,4
a0366,training-a,abnormal,35.666,13,cache/cinc2016/a0366.npz,1
a0367,training-a,abnormal,35.5965,13,cache/cinc2016/a0367.npz,0
a0368,training-a,abnormal,30.72,11,cache/cinc2016/a0368.npz,4
a0369,training-a,abnormal,20.8285,7,cache/cinc2016/a0369.npz,1
a0370,training-a,abnormal,35.666,13,cache/cinc2016/a0370.npz,3
a0371,training-a,abnormal,20.968,7,cache/cinc2016/a0371.npz,2
a0372,training-a,abnormal,35.666,13,cache/cinc2016/a0372.npz,0
a0373,training-a,abnormal,30.6505,11,cache/cinc2016/a0373.npz,1
a0374,training-a,abnormal,35.8055,13,cache/cinc2016/a0374.npz,2
a0375,training-a,abnormal,30.8595,11,cache/cinc2016/a0375.npz,2
a0376,training-a,abnormal,35.8055,13,cache/cinc2016/a0376.npz,4
a0377,training-a,abnormal,36.293,13,cache/cinc2016/a0377.npz,1
a0378,training-a,abnormal,35.5965,13,cache/cinc2016/a0378.npz,2
a0379,training-a,abnormal,35.5965,13,cache/cinc2016/a0379.npz,3
a0380,training-a,abnormal,35.666,13,cache/cinc2016/a0380.npz,4
a0381,training-a,abnormal,35.736,13,cache/cinc2016/a0381.npz,4
a0382,training-a,abnormal,20.8285,7,cache/cinc2016/a0382.npz,2
a0383,training-a,abnormal,20.8285,7,cache/cinc2016/a0383.npz,3
a0384,training-a,abnormal,30.72,11,cache/cinc2016/a0384.npz,0
a0385,training-a,normal,20.968,7,cache/cinc2016/a0385.npz,2
a0386,training-a,normal,36.0145,13,cache/cinc2016/a0386.npz,4
a0387,training-a,abnormal,35.666,13,cache/cinc2016/a0387.npz,1
a0388,training-a,abnormal,35.5965,13,cache/cinc2016/a0388.npz,1
a0389,training-a,abnormal,36.2235,13,cache/cinc2016/a0389.npz,4
a0390,training-a,abnormal,35.736,13,cache/cinc2016/a0390.npz,4
a0391,training-a,abnormal,35.736,13,cache/cinc2016/a0391.npz,0
a0392,training-a,abnormal,35.666,13,cache/cinc2016/a0392.npz,3
a0393,training-a,normal,35.5965,13,cache/cinc2016/a0393.npz,3
a0394,training-a,abnormal,24.6915,8,cache/cinc2016/a0394.npz,4
a0395,training-a,abnormal,14.7855,4,cache/cinc2016/a0395.npz,2
a0396,training-a,abnormal,35.8055,13,cache/cinc2016/a0396.npz,4
a0397,training-a,abnormal,30.6505,11,cache/cinc2016/a0397.npz,2
a0398,training-a,abnormal,35.9445,13,cache/cinc2016/a0398.npz,4
a0399,training-a,abnormal,36.0145,13,cache/cinc2016/a0399.npz,2
a0400,training-a,abnormal,16.325,5,cache/cinc2016/a0400.npz,1
a0401,training-a,normal,36.2235,13,cache/cinc2016/a0401.npz,0
a0402,training-a,abnormal,36.293,13,cache/cinc2016/a0402.npz,3
a0403,training-a,abnormal,36.293,13,cache/cinc2016/a0403.npz,1
a0404,training-a,abnormal,30.79,11,cache/cinc2016/a0404.npz,0
a0405,training-a,normal,12.5305,4,cache/cinc2016/a0405.npz,2
a0406,training-a,normal,35.5965,13,cache/cinc2016/a0406.npz,0
a0407,training-a,normal,35.666,13,cache/cinc2016/a0407.npz,4
a0408,training-a,normal,30.581,11,cache/cinc2016/a0408.npz,4
a0409,training-a,normal,30.72,11,cache/cinc2016/a0409.npz,2
b0001,training-b,normal,8.0,2,cache/cinc2016/b0001.npz,0
b0002,training-b,normal,8.0,2,cache/cinc2016/b0002.npz,3
b0003,training-b,normal,8.0,2,cache/cinc2016/b0003.npz,1
b0004,training-b,normal,8.0,2,cache/cinc2016/b0004.npz,0
b0005,training-b,normal,8.0,2,cache/cinc2016/b0005.npz,3
b0006,training-b,normal,8.0,2,cache/cinc2016/b0006.npz,1
b0007,training-b,normal,8.0,2,cache/cinc2016/b0007.npz,0
b0008,training-b,abnormal,8.0,2,cache/cinc2016/b0008.npz,3
b0009,training-b,normal,8.0,2,cache/cinc2016/b0009.npz,3
b0010,training-b,normal,8.0,2,cache/cinc2016/b0010.npz,4
b0011,training-b,normal,8.0,2,cache/cinc2016/b0011.npz,0
b0012,training-b,normal,8.0,2,cache/cinc2016/b0012.npz,1
b0013,training-b,abnormal,8.0,2,cache/cinc2016/b0013.npz,4
b0014,training-b,normal,8.0,2,cache/cinc2016/b0014.npz,4
b0015,training-b,normal,8.0,2,cache/cinc2016/b0015.npz,4
b0016,training-b,abnormal,8.0,2,cache/cinc2016/b0016.npz,1
b0017,training-b,normal,8.0,2,cache/cinc2016/b0017.npz,1
b0018,training-b,abnormal,8.0,2,cache/cinc2016/b0018.npz,2
b0019,training-b,normal,8.0,2,cache/cinc2016/b0019.npz,3
b0020,training-b,normal,8.0,2,cache/cinc2016/b0020.npz,0
b0021,training-b,normal,8.0,2,cache/cinc2016/b0021.npz,4
b0022,training-b,abnormal,8.0,2,cache/cinc2016/b0022.npz,2
b0023,training-b,abnormal,8.0,2,cache/cinc2016/b0023.npz,4
b0024,training-b,normal,8.0,2,cache/cinc2016/b0024.npz,0
b0025,training-b,normal,8.0,2,cache/cinc2016/b0025.npz,0
b0026,training-b,normal,8.0,2,cache/cinc2016/b0026.npz,3
b0027,training-b,normal,8.0,2,cache/cinc2016/b0027.npz,3
b0028,training-b,normal,8.0,2,cache/cinc2016/b0028.npz,4
b0029,training-b,normal,8.0,2,cache/cinc2016/b0029.npz,1
b0030,training-b,abnormal,8.0,2,cache/cinc2016/b0030.npz,2
b0031,training-b,normal,6.9855,1,cache/cinc2016/b0031.npz,4
b0032,training-b,abnormal,8.0,2,cache/cinc2016/b0032.npz,4
b0033,training-b,abnormal,5.3055,1,cache/cinc2016/b0033.npz,1
b0034,training-b,normal,8.0,2,cache/cinc2016/b0034.npz,3
b0035,training-b,normal,8.0,2,cache/cinc2016/b0035.npz,1
b0036,training-b,normal,8.0,2,cache/cinc2016/b0036.npz,0
b0037,training-b,abnormal,6.8515,1,cache/cinc2016/b0037.npz,1
b0038,training-b,normal,8.0,2,cache/cinc2016/b0038.npz,3
b0039,training-b,normal,8.0,2,cache/cinc2016/b0039.npz,4
b0040,training-b,abnormal,8.0,2,cache/cinc2016/b0040.npz,4
b0041,training-b,abnormal,8.0,2,cache/cinc2016/b0041.npz,0
b0042,training-b,normal,8.0,2,cache/cinc2016/b0042.npz,1
b0043,training-b,abnormal,8.0,2,cache/cinc2016/b0043.npz,1
b0044,training-b,normal,8.0,2,cache/cinc2016/b0044.npz,0
b0045,training-b,normal,8.0,2,cache/cinc2016/b0045.npz,0
b0046,training-b,abnormal,8.0,2,cache/cinc2016/b0046.npz,4
b0047,training-b,normal,8.0,2,cache/cinc2016/b0047.npz,3
b0048,training-b,abnormal,8.0,2,cache/cinc2016/b0048.npz,0
b0049,training-b,normal,8.0,2,cache/cinc2016/b0049.npz,4
b0050,training-b,normal,8.0,2,cache/cinc2016/b0050.npz,0
b0051,training-b,normal,8.0,2,cache/cinc2016/b0051.npz,0
b0052,training-b,normal,8.0,2,cache/cinc2016/b0052.npz,4
b0053,training-b,normal,8.0,2,cache/cinc2016/b0053.npz,1
b0054,training-b,abnormal,8.0,2,cache/cinc2016/b0054.npz,2
b0055,training-b,normal,8.0,2,cache/cinc2016/b0055.npz,0
b0056,training-b,normal,8.0,2,cache/cinc2016/b0056.npz,0
b0057,training-b,abnormal,8.0,2,cache/cinc2016/b0057.npz,0
b0058,training-b,normal,8.0,2,cache/cinc2016/b0058.npz,0
b0059,training-b,normal,8.0,2,cache/cinc2016/b0059.npz,1
b0060,training-b,normal,8.0,2,cache/cinc2016/b0060.npz,0
b0061,training-b,normal,8.0,2,cache/cinc2016/b0061.npz,4
b0062,training-b,normal,8.0,2,cache/cinc2016/b0062.npz,3
b0063,training-b,abnormal,8.0,2,cache/cinc2016/b0063.npz,3
b0064,training-b,normal,8.0,2,cache/cinc2016/b0064.npz,0
b0065,training-b,normal,8.0,2,cache/cinc2016/b0065.npz,4
b0066,training-b,normal,8.0,2,cache/cinc2016/b0066.npz,4
b0067,training-b,normal,8.0,2,cache/cinc2016/b0067.npz,3
b0068,training-b,abnormal,8.0,2,cache/cinc2016/b0068.npz,1
b0069,training-b,normal,8.0,2,cache/cinc2016/b0069.npz,1
b0070,training-b,normal,8.0,2,cache/cinc2016/b0070.npz,4
b0071,training-b,normal,8.0,2,cache/cinc2016/b0071.npz,4
b0072,training-b,normal,8.0,2,cache/cinc2016/b0072.npz,4
b0073,training-b,normal,8.0,2,cache/cinc2016/b0073.npz,2
b0074,training-b,normal,8.0,2,cache/cinc2016/b0074.npz,2
b0075,training-b,normal,8.0,2,cache/cinc2016/b0075.npz,2
b0076,training-b,normal,8.0,2,cache/cinc2016/b0076.npz,3
b0077,training-b,abnormal,8.0,2,cache/cinc2016/b0077.npz,3
b0078,training-b,normal,8.0,2,cache/cinc2016/b0078.npz,2
b0079,training-b,normal,8.0,2,cache/cinc2016/b0079.npz,4
b0080,training-b,normal,8.0,2,cache/cinc2016/b0080.npz,1
b0081,training-b,abnormal,8.0,2,cache/cinc2016/b0081.npz,4
b0082,training-b,normal,8.0,2,cache/cinc2016/b0082.npz,0
b0083,training-b,normal,8.0,2,cache/cinc2016/b0083.npz,4
b0084,training-b,normal,8.0,2,cache/cinc2016/b0084.npz,0
b0085,training-b,normal,8.0,2,cache/cinc2016/b0085.npz,3
b0086,training-b,abnormal,8.0,2,cache/cinc2016/b0086.npz,1
b0087,training-b,normal,8.0,2,cache/cinc2016/b0087.npz,0
b0088,training-b,normal,8.0,2,cache/cinc2016/b0088.npz,0
b0089,training-b,normal,8.0,2,cache/cinc2016/b0089.npz,3
b0090,training-b,normal,8.0,2,cache/cinc2016/b0090.npz,4
b0091,training-b,normal,8.0,2,cache/cinc2016/b0091.npz,0
b0092,training-b,normal,8.0,2,cache/cinc2016/b0092.npz,0
b0093,training-b,normal,8.0,2,cache/cinc2016/b0093.npz,3
b0094,training-b,normal,8.0,2,cache/cinc2016/b0094.npz,0
b0095,training-b,normal,8.0,2,cache/cinc2016/b0095.npz,4
b0096,training-b,abnormal,8.0,2,cache/cinc2016/b0096.npz,2
b0097,training-b,normal,8.0,2,cache/cinc2016/b0097.npz,3
b0098,training-b,normal,8.0,2,cache/cinc2016/b0098.npz,3
b0099,training-b,normal,8.0,2,cache/cinc2016/b0099.npz,2
b0100,training-b,normal,8.0,2,cache/cinc2016/b0100.npz,1
b0101,training-b,normal,8.0,2,cache/cinc2016/b0101.npz,3
b0102,training-b,normal,8.0,2,cache/cinc2016/b0102.npz,3
b0103,training-b,normal,8.0,2,cache/cinc2016/b0103.npz,4
b0104,training-b,normal,8.0,2,cache/cinc2016/b0104.npz,0
b0105,training-b,normal,8.0,2,cache/cinc2016/b0105.npz,2
b0106,training-b,abnormal,8.0,2,cache/cinc2016/b0106.npz,4
b0107,training-b,normal,8.0,2,cache/cinc2016/b0107.npz,2
b0108,training-b,normal,8.0,2,cache/cinc2016/b0108.npz,4
b0109,training-b,normal,8.0,2,cache/cinc2016/b0109.npz,4
b0110,training-b,normal,8.0,2,cache/cinc2016/b0110.npz,2
b0111,training-b,normal,8.0,2,cache/cinc2016/b0111.npz,4
b0112,training-b,normal,8.0,2,cache/cinc2016/b0112.npz,0
b0113,training-b,normal,8.0,2,cache/cinc2016/b0113.npz,4
b0114,training-b,normal,8.0,2,cache/cinc2016/b0114.npz,0
b0115,training-b,normal,8.0,2,cache/cinc2016/b0115.npz,2
b0116,training-b,normal,8.0,2,cache/cinc2016/b0116.npz,0
b0117,training-b,abnormal,8.0,2,cache/cinc2016/b0117.npz,2
b0118,training-b,normal,8.0,2,cache/cinc2016/b0118.npz,0
b0119,training-b,normal,8.0,2,cache/cinc2016/b0119.npz,1
b0120,training-b,abnormal,8.0,2,cache/cinc2016/b0120.npz,1
b0121,training-b,normal,8.0,2,cache/cinc2016/b0121.npz,3
b0122,training-b,normal,7.8495,2,cache/cinc2016/b0122.npz,4
b0123,training-b,normal,8.0,2,cache/cinc2016/b0123.npz,1
b0124,training-b,normal,8.0,2,cache/cinc2016/b0124.npz,4
b0125,training-b,normal,8.0,2,cache/cinc2016/b0125.npz,2
b0126,training-b,normal,8.0,2,cache/cinc2016/b0126.npz,0
b0127,training-b,normal,8.0,2,cache/cinc2016/b0127.npz,3
b0128,training-b,normal,7.7595,2,cache/cinc2016/b0128.npz,3
b0129,training-b,normal,8.0,2,cache/cinc2016/b0129.npz,2
b0130,training-b,abnormal,8.0,2,cache/cinc2016/b0130.npz,0
b0131,training-b,normal,8.0,2,cache/cinc2016/b0131.npz,1
b0132,training-b,normal,8.0,2,cache/cinc2016/b0132.npz,4
b0133,training-b,normal,8.0,2,cache/cinc2016/b0133.npz,2
b0134,training-b,normal,8.0,2,cache/cinc2016/b0134.npz,1
b0135,training-b,normal,8.0,2,cache/cinc2016/b0135.npz,2
b0136,training-b,abnormal,8.0,2,cache/cinc2016/b0136.npz,3
b0137,training-b,abnormal,8.0,2,cache/cinc2016/b0137.npz,2
b0138,training-b,normal,8.0,2,cache/cinc2016/b0138.npz,4
b0139,training-b,normal,8.0,2,cache/cinc2016/b0139.npz,1
b0140,training-b,abnormal,8.0,2,cache/cinc2016/b0140.npz,0
b0141,training-b,normal,8.0,2,cache/cinc2016/b0141.npz,4
b0142,training-b,normal,8.0,2,cache/cinc2016/b0142.npz,1
b0143,training-b,normal,8.0,2,cache/cinc2016/b0143.npz,3
b0144,training-b,normal,8.0,2,cache/cinc2016/b0144.npz,0
b0145,training-b,normal,8.0,2,cache/cinc2016/b0145.npz,0
b0146,training-b,normal,8.0,2,cache/cinc2016/b0146.npz,1
b0147,training-b,normal,8.0,2,cache/cinc2016/b0147.npz,4
b0148,training-b,abnormal,8.0,2,cache/cinc2016/b0148.npz,4
b0149,training-b,normal,8.0,2,cache/cinc2016/b0149.npz,2
b0150,training-b,normal,8.0,2,cache/cinc2016/b0150.npz,0
b0151,training-b,normal,7.3645,1,cache/cinc2016/b0151.npz,4
b0152,training-b,normal,8.0,2,cache/cinc2016/b0152.npz,4
b0153,training-b,normal,8.0,2,cache/cinc2016/b0153.npz,0
b0154,training-b,normal,8.0,2,cache/cinc2016/b0154.npz,2
b0155,training-b,abnormal,8.0,2,cache/cinc2016/b0155.npz,1
b0156,training-b,normal,8.0,2,cache/cinc2016/b0156.npz,1
b0157,training-b,normal,8.0,2,cache/cinc2016/b0157.npz,2
b0158,training-b,normal,8.0,2,cache/cinc2016/b0158.npz,2
b0159,training-b,abnormal,8.0,2,cache/cinc2016/b0159.npz,2
b0160,training-b,normal,8.0,2,cache/cinc2016/b0160.npz,0
b0161,training-b,normal,8.0,2,cache/cinc2016/b0161.npz,4
b0162,training-b,normal,8.0,2,cache/cinc2016/b0162.npz,0
b0163,training-b,normal,8.0,2,cache/cinc2016/b0163.npz,2
b0164,training-b,abnormal,8.0,2,cache/cinc2016/b0164.npz,0
b0165,training-b,normal,8.0,2,cache/cinc2016/b0165.npz,3
b0166,training-b,normal,8.0,2,cache/cinc2016/b0166.npz,1
b0167,training-b,normal,8.0,2,cache/cinc2016/b0167.npz,1
b0168,training-b,normal,8.0,2,cache/cinc2016/b0168.npz,0
b0169,training-b,normal,8.0,2,cache/cinc2016/b0169.npz,1
b0170,training-b,normal,8.0,2,cache/cinc2016/b0170.npz,1
b0171,training-b,abnormal,8.0,2,cache/cinc2016/b0171.npz,3
b0172,training-b,normal,8.0,2,cache/cinc2016/b0172.npz,0
b0173,training-b,normal,8.0,2,cache/cinc2016/b0173.npz,4
b0174,training-b,normal,8.0,2,cache/cinc2016/b0174.npz,0
b0175,training-b,normal,8.0,2,cache/cinc2016/b0175.npz,0
b0176,training-b,abnormal,8.0,2,cache/cinc2016/b0176.npz,1
b0177,training-b,normal,8.0,2,cache/cinc2016/b0177.npz,2
b0178,training-b,normal,8.0,2,cache/cinc2016/b0178.npz,1
b0179,training-b,normal,8.0,2,cache/cinc2016/b0179.npz,2
b0180,training-b,normal,8.0,2,cache/cinc2016/b0180.npz,1
b0181,training-b,normal,8.0,2,cache/cinc2016/b0181.npz,1
b0182,training-b,normal,8.0,2,cache/cinc2016/b0182.npz,3
b0183,training-b,normal,8.0,2,cache/cinc2016/b0183.npz,1
b0184,training-b,normal,8.0,2,cache/cinc2016/b0184.npz,2
b0185,training-b,normal,8.0,2,cache/cinc2016/b0185.npz,0
b0186,training-b,normal,8.0,2,cache/cinc2016/b0186.npz,1
b0187,training-b,normal,8.0,2,cache/cinc2016/b0187.npz,4
b0188,training-b,normal,8.0,2,cache/cinc2016/b0188.npz,3
b0189,training-b,normal,8.0,2,cache/cinc2016/b0189.npz,2
b0190,training-b,abnormal,8.0,2,cache/cinc2016/b0190.npz,2
b0191,training-b,normal,8.0,2,cache/cinc2016/b0191.npz,4
b0192,training-b,normal,8.0,2,cache/cinc2016/b0192.npz,2
b0193,training-b,normal,8.0,2,cache/cinc2016/b0193.npz,2
b0194,training-b,normal,8.0,2,cache/cinc2016/b0194.npz,2
b0195,training-b,normal,8.0,2,cache/cinc2016/b0195.npz,4
b0196,training-b,normal,8.0,2,cache/cinc2016/b0196.npz,2
b0197,training-b,abnormal,8.0,2,cache/cinc2016/b0197.npz,0
b0198,training-b,normal,8.0,2,cache/cinc2016/b0198.npz,0
b0199,training-b,normal,8.0,2,cache/cinc2016/b0199.npz,0
b0200,training-b,normal,8.0,2,cache/cinc2016/b0200.npz,0
b0201,training-b,normal,8.0,2,cache/cinc2016/b0201.npz,4
b0202,training-b,normal,8.0,2,cache/cinc2016/b0202.npz,2
b0203,training-b,normal,8.0,2,cache/cinc2016/b0203.npz,2
b0204,training-b,normal,8.0,2,cache/cinc2016/b0204.npz,3
b0205,training-b,normal,8.0,2,cache/cinc2016/b0205.npz,2
b0206,training-b,normal,8.0,2,cache/cinc2016/b0206.npz,0
b0207,training-b,normal,8.0,2,cache/cinc2016/b0207.npz,0
b0208,training-b,abnormal,8.0,2,cache/cinc2016/b0208.npz,4
b0209,training-b,normal,8.0,2,cache/cinc2016/b0209.npz,1
b0210,training-b,normal,8.0,2,cache/cinc2016/b0210.npz,1
b0211,training-b,normal,8.0,2,cache/cinc2016/b0211.npz,4
b0212,training-b,normal,8.0,2,cache/cinc2016/b0212.npz,4
b0213,training-b,normal,8.0,2,cache/cinc2016/b0213.npz,0
b0214,training-b,normal,8.0,2,cache/cinc2016/b0214.npz,3
b0215,training-b,normal,8.0,2,cache/cinc2016/b0215.npz,4
b0216,training-b,normal,8.0,2,cache/cinc2016/b0216.npz,4
b0217,training-b,normal,8.0,2,cache/cinc2016/b0217.npz,2
b0218,training-b,normal,8.0,2,cache/cinc2016/b0218.npz,3
b0219,training-b,normal,8.0,2,cache/cinc2016/b0219.npz,1
b0220,training-b,normal,8.0,2,cache/cinc2016/b0220.npz,2
b0221,training-b,abnormal,8.0,2,cache/cinc2016/b0221.npz,2
b0222,training-b,normal,8.0,2,cache/cinc2016/b0222.npz,0
b0223,training-b,normal,8.0,2,cache/cinc2016/b0223.npz,4
b0224,training-b,abnormal,8.0,2,cache/cinc2016/b0224.npz,1
b0225,training-b,normal,8.0,2,cache/cinc2016/b0225.npz,1
b0226,training-b,normal,8.0,2,cache/cinc2016/b0226.npz,3
b0227,training-b,normal,8.0,2,cache/cinc2016/b0227.npz,0
b0228,training-b,normal,8.0,2,cache/cinc2016/b0228.npz,2
b0229,training-b,normal,8.0,2,cache/cinc2016/b0229.npz,0
b0230,training-b,normal,8.0,2,cache/cinc2016/b0230.npz,1
b0231,training-b,normal,8.0,2,cache/cinc2016/b0231.npz,3
b0232,training-b,abnormal,8.0,2,cache/cinc2016/b0232.npz,3
b0233,training-b,abnormal,8.0,2,cache/cinc2016/b0233.npz,4
b0234,training-b,normal,8.0,2,cache/cinc2016/b0234.npz,0
b0235,training-b,abnormal,8.0,2,cache/cinc2016/b0235.npz,1
b0236,training-b,normal,8.0,2,cache/cinc2016/b0236.npz,2
b0237,training-b,normal,8.0,2,cache/cinc2016/b0237.npz,0
b0238,training-b,abnormal,8.0,2,cache/cinc2016/b0238.npz,3
b0239,training-b,abnormal,8.0,2,cache/cinc2016/b0239.npz,4
b0240,training-b,normal,8.0,2,cache/cinc2016/b0240.npz,4
b0241,training-b,normal,8.0,2,cache/cinc2016/b0241.npz,1
b0242,training-b,abnormal,8.0,2,cache/cinc2016/b0242.npz,4
b0243,training-b,abnormal,8.0,2,cache/cinc2016/b0243.npz,0
b0244,training-b,normal,8.0,2,cache/cinc2016/b0244.npz,1
b0245,training-b,normal,8.0,2,cache/cinc2016/b0245.npz,0
b0246,training-b,normal,8.0,2,cache/cinc2016/b0246.npz,2
b0247,training-b,normal,8.0,2,cache/cinc2016/b0247.npz,2
b0248,training-b,abnormal,8.0,2,cache/cinc2016/b0248.npz,1
b0249,training-b,normal,8.0,2,cache/cinc2016/b0249.npz,4
b0250,training-b,normal,8.0,2,cache/cinc2016/b0250.npz,2
b0251,training-b,abnormal,8.0,2,cache/cinc2016/b0251.npz,2
b0252,training-b,normal,8.0,2,cache/cinc2016/b0252.npz,3
b0253,training-b,abnormal,8.0,2,cache/cinc2016/b0253.npz,3
b0254,training-b,normal,8.0,2,cache/cinc2016/b0254.npz,4
b0255,training-b,normal,8.0,2,cache/cinc2016/b0255.npz,0
b0256,training-b,normal,8.0,2,cache/cinc2016/b0256.npz,0
b0257,training-b,abnormal,8.0,2,cache/cinc2016/b0257.npz,4
b0258,training-b,normal,8.0,2,cache/cinc2016/b0258.npz,1
b0259,training-b,normal,8.0,2,cache/cinc2016/b0259.npz,1
b0260,training-b,normal,8.0,2,cache/cinc2016/b0260.npz,4
b0261,training-b,normal,8.0,2,cache/cinc2016/b0261.npz,2
b0262,training-b,abnormal,8.0,2,cache/cinc2016/b0262.npz,3
b0263,training-b,abnormal,8.0,2,cache/cinc2016/b0263.npz,2
b0264,training-b,normal,8.0,2,cache/cinc2016/b0264.npz,4
b0265,training-b,abnormal,8.0,2,cache/cinc2016/b0265.npz,0
b0266,training-b,normal,8.0,2,cache/cinc2016/b0266.npz,3
b0267,training-b,abnormal,8.0,2,cache/cinc2016/b0267.npz,0
b0268,training-b,normal,8.0,2,cache/cinc2016/b0268.npz,2
b0269,training-b,normal,8.0,2,cache/cinc2016/b0269.npz,2
b0270,training-b,normal,8.0,2,cache/cinc2016/b0270.npz,4
b0271,training-b,abnormal,8.0,2,cache/cinc2016/b0271.npz,3
b0272,training-b,normal,7.4495,1,cache/cinc2016/b0272.npz,1
b0273,training-b,abnormal,7.2815,1,cache/cinc2016/b0273.npz,3
b0274,training-b,normal,8.0,2,cache/cinc2016/b0274.npz,4
b0275,training-b,normal,8.0,2,cache/cinc2016/b0275.npz,0
b0276,training-b,normal,8.0,2,cache/cinc2016/b0276.npz,1
b0277,training-b,normal,8.0,2,cache/cinc2016/b0277.npz,1
b0278,training-b,abnormal,8.0,2,cache/cinc2016/b0278.npz,3
b0279,training-b,abnormal,8.0,2,cache/cinc2016/b0279.npz,0
b0280,training-b,abnormal,8.0,2,cache/cinc2016/b0280.npz,0
b0281,training-b,normal,8.0,2,cache/cinc2016/b0281.npz,4
b0282,training-b,normal,8.0,2,cache/cinc2016/b0282.npz,0
b0283,training-b,normal,8.0,2,cache/cinc2016/b0283.npz,0
b0284,training-b,abnormal,8.0,2,cache/cinc2016/b0284.npz,4
b0285,training-b,normal,8.0,2,cache/cinc2016/b0285.npz,4
b0286,training-b,normal,8.0,2,cache/cinc2016/b0286.npz,2
b0287,training-b,normal,8.0,2,cache/cinc2016/b0287.npz,0
b0288,training-b,normal,8.0,2,cache/cinc2016/b0288.npz,1
b0289,training-b,normal,8.0,2,cache/cinc2016/b0289.npz,2
b0290,training-b,normal,8.0,2,cache/cinc2016/b0290.npz,4
b0291,training-b,normal,7.9595,2,cache/cinc2016/b0291.npz,3
b0292,training-b,abnormal,7.7315,2,cache/cinc2016/b0292.npz,4
b0293,training-b,normal,8.0,2,cache/cinc2016/b0293.npz,0
b0294,training-b,normal,8.0,2,cache/cinc2016/b0294.npz,3
b0295,training-b,abnormal,8.0,2,cache/cinc2016/b0295.npz,0
b0296,training-b,normal,8.0,2,cache/cinc2016/b0296.npz,2
b0297,training-b,normal,8.0,2,cache/cinc2016/b0297.npz,0
b0298,training-b,normal,8.0,2,cache/cinc2016/b0298.npz,2
b0299,training-b,abnormal,8.0,2,cache/cinc2016/b0299.npz,4
b0300,training-b,normal,8.0,2,cache/cinc2016/b0300.npz,1
b0301,training-b,normal,8.0,2,cache/cinc2016/b0301.npz,2
b0302,training-b,normal,8.0,2,cache/cinc2016/b0302.npz,2
b0303,training-b,normal,8.0,2,cache/cinc2016/b0303.npz,1
b0304,training-b,normal,8.0,2,cache/cinc2016/b0304.npz,0
b0305,training-b,normal,8.0,2,cache/cinc2016/b0305.npz,1
b0306,training-b,normal,8.0,2,cache/cinc2016/b0306.npz,1
b0307,training-b,abnormal,8.0,2,cache/cinc2016/b0307.npz,2
b0308,training-b,normal,8.0,2,cache/cinc2016/b0308.npz,2
b0309,training-b,normal,8.0,2,cache/cinc2016/b0309.npz,1
b0310,training-b,normal,8.0,2,cache/cinc2016/b0310.npz,3
b0311,training-b,normal,8.0,2,cache/cinc2016/b0311.npz,3
b0312,training-b,normal,8.0,2,cache/cinc2016/b0312.npz,1
b0313,training-b,normal,8.0,2,cache/cinc2016/b0313.npz,4
b0314,training-b,normal,8.0,2,cache/cinc2016/b0314.npz,1
b0315,training-b,normal,8.0,2,cache/cinc2016/b0315.npz,1
b0316,training-b,normal,8.0,2,cache/cinc2016/b0316.npz,4
b0317,training-b,normal,8.0,2,cache/cinc2016/b0317.npz,4
b0318,training-b,abnormal,8.0,2,cache/cinc2016/b0318.npz,2
b0319,training-b,abnormal,8.0,2,cache/cinc2016/b0319.npz,2
b0320,training-b,normal,8.0,2,cache/cinc2016/b0320.npz,0
b0321,training-b,normal,8.0,2,cache/cinc2016/b0321.npz,1
b0322,training-b,normal,8.0,2,cache/cinc2016/b0322.npz,2
b0323,training-b,normal,8.0,2,cache/cinc2016/b0323.npz,4
b0324,training-b,normal,8.0,2,cache/cinc2016/b0324.npz,0
b0325,training-b,normal,8.0,2,cache/cinc2016/b0325.npz,2
b0326,training-b,normal,8.0,2,cache/cinc2016/b0326.npz,4
b0327,training-b,abnormal,8.0,2,cache/cinc2016/b0327.npz,4
b0328,training-b,normal,8.0,2,cache/cinc2016/b0328.npz,4
b0329,training-b,normal,8.0,2,cache/cinc2016/b0329.npz,1
b0330,training-b,normal,8.0,2,cache/cinc2016/b0330.npz,3
b0331,training-b,normal,8.0,2,cache/cinc2016/b0331.npz,4
b0332,training-b,normal,8.0,2,cache/cinc2016/b0332.npz,2
b0333,training-b,normal,8.0,2,cache/cinc2016/b0333.npz,3
b0334,training-b,abnormal,8.0,2,cache/cinc2016/b0334.npz,2
b0335,training-b,abnormal,8.0,2,cache/cinc2016/b0335.npz,2
b0336,training-b,normal,8.0,2,cache/cinc2016/b0336.npz,3
b0337,training-b,normal,8.0,2,cache/cinc2016/b0337.npz,3
b0338,training-b,normal,8.0,2,cache/cinc2016/b0338.npz,4
b0339,training-b,normal,8.0,2,cache/cinc2016/b0339.npz,2
b0340,training-b,normal,8.0,2,cache/cinc2016/b0340.npz,4
b0341,training-b,abnormal,8.0,2,cache/cinc2016/b0341.npz,1
b0342,training-b,abnormal,8.0,2,cache/cinc2016/b0342.npz,0
b0343,training-b,normal,8.0,2,cache/cinc2016/b0343.npz,4
b0344,training-b,abnormal,8.0,2,cache/cinc2016/b0344.npz,3
b0345,training-b,normal,8.0,2,cache/cinc2016/b0345.npz,0
b0346,training-b,normal,8.0,2,cache/cinc2016/b0346.npz,3
b0347,training-b,normal,8.0,2,cache/cinc2016/b0347.npz,3
b0348,training-b,normal,8.0,2,cache/cinc2016/b0348.npz,2
b0349,training-b,abnormal,8.0,2,cache/cinc2016/b0349.npz,1
b0350,training-b,normal,8.0,2,cache/cinc2016/b0350.npz,3
b0351,training-b,normal,8.0,2,cache/cinc2016/b0351.npz,3
b0352,training-b,normal,8.0,2,cache/cinc2016/b0352.npz,2
b0353,training-b,normal,8.0,2,cache/cinc2016/b0353.npz,1
b0354,training-b,normal,8.0,2,cache/cinc2016/b0354.npz,2
b0355,training-b,normal,8.0,2,cache/cinc2016/b0355.npz,4
b0356,training-b,normal,8.0,2,cache/cinc2016/b0356.npz,2
b0357,training-b,normal,8.0,2,cache/cinc2016/b0357.npz,0
b0358,training-b,normal,8.0,2,cache/cinc2016/b0358.npz,1
b0359,training-b,normal,8.0,2,cache/cinc2016/b0359.npz,4
b0360,training-b,normal,8.0,2,cache/cinc2016/b0360.npz,4
b0361,training-b,abnormal,8.0,2,cache/cinc2016/b0361.npz,0
b0362,training-b,normal,8.0,2,cache/cinc2016/b0362.npz,0
b0363,training-b,normal,8.0,2,cache/cinc2016/b0363.npz,2
b0364,training-b,normal,8.0,2,cache/cinc2016/b0364.npz,0
b0365,training-b,abnormal,8.0,2,cache/cinc2016/b0365.npz,2
b0366,training-b,normal,8.0,2,cache/cinc2016/b0366.npz,0
b0367,training-b,abnormal,8.0,2,cache/cinc2016/b0367.npz,1
b0368,training-b,normal,8.0,2,cache/cinc2016/b0368.npz,0
b0369,training-b,abnormal,8.0,2,cache/cinc2016/b0369.npz,0
b0370,training-b,normal,8.0,2,cache/cinc2016/b0370.npz,0
b0371,training-b,normal,8.0,2,cache/cinc2016/b0371.npz,0
b0372,training-b,normal,8.0,2,cache/cinc2016/b0372.npz,0
b0373,training-b,normal,8.0,2,cache/cinc2016/b0373.npz,2
b0374,training-b,normal,8.0,2,cache/cinc2016/b0374.npz,2
b0375,training-b,normal,8.0,2,cache/cinc2016/b0375.npz,4
b0376,training-b,normal,8.0,2,cache/cinc2016/b0376.npz,1
b0377,training-b,normal,8.0,2,cache/cinc2016/b0377.npz,1
b0378,training-b,normal,8.0,2,cache/cinc2016/b0378.npz,1
b0379,training-b,normal,8.0,2,cache/cinc2016/b0379.npz,4
b0380,training-b,normal,8.0,2,cache/cinc2016/b0380.npz,1
b0381,training-b,normal,8.0,2,cache/cinc2016/b0381.npz,0
b0382,training-b,normal,8.0,2,cache/cinc2016/b0382.npz,0
b0383,training-b,normal,8.0,2,cache/cinc2016/b0383.npz,2
b0384,training-b,abnormal,8.0,2,cache/cinc2016/b0384.npz,1
b0385,training-b,abnormal,8.0,2,cache/cinc2016/b0385.npz,1
b0386,training-b,normal,8.0,2,cache/cinc2016/b0386.npz,0
b0387,training-b,normal,8.0,2,cache/cinc2016/b0387.npz,0
b0388,training-b,normal,8.0,2,cache/cinc2016/b0388.npz,2
b0389,training-b,normal,8.0,2,cache/cinc2016/b0389.npz,2
b0390,training-b,abnormal,8.0,2,cache/cinc2016/b0390.npz,4
b0391,training-b,normal,8.0,2,cache/cinc2016/b0391.npz,4
b0392,training-b,normal,8.0,2,cache/cinc2016/b0392.npz,3
b0393,training-b,normal,8.0,2,cache/cinc2016/b0393.npz,0
b0394,training-b,normal,8.0,2,cache/cinc2016/b0394.npz,2
b0395,training-b,abnormal,8.0,2,cache/cinc2016/b0395.npz,2
b0396,training-b,normal,8.0,2,cache/cinc2016/b0396.npz,3
b0397,training-b,abnormal,8.0,2,cache/cinc2016/b0397.npz,2
b0398,training-b,normal,8.0,2,cache/cinc2016/b0398.npz,2
b0399,training-b,normal,8.0,2,cache/cinc2016/b0399.npz,4
b0400,training-b,normal,8.0,2,cache/cinc2016/b0400.npz,3
b0401,training-b,normal,8.0,2,cache/cinc2016/b0401.npz,1
b0402,training-b,normal,8.0,2,cache/cinc2016/b0402.npz,2
b0403,training-b,normal,8.0,2,cache/cinc2016/b0403.npz,3
b0404,training-b,normal,8.0,2,cache/cinc2016/b0404.npz,4
b0405,training-b,normal,8.0,2,cache/cinc2016/b0405.npz,2
b0406,training-b,normal,8.0,2,cache/cinc2016/b0406.npz,4
b0407,training-b,normal,8.0,2,cache/cinc2016/b0407.npz,2
b0408,training-b,abnormal,8.0,2,cache/cinc2016/b0408.npz,1
b0409,training-b,abnormal,6.3335,1,cache/cinc2016/b0409.npz,4
b0410,training-b,normal,8.0,2,cache/cinc2016/b0410.npz,0
b0411,training-b,normal,8.0,2,cache/cinc2016/b0411.npz,1
b0412,training-b,normal,8.0,2,cache/cinc2016/b0412.npz,2
b0413,training-b,abnormal,8.0,2,cache/cinc2016/b0413.npz,3
b0414,training-b,normal,8.0,2,cache/cinc2016/b0414.npz,1
b0415,training-b,normal,8.0,2,cache/cinc2016/b0415.npz,4
b0416,training-b,normal,8.0,2,cache/cinc2016/b0416.npz,1
b0417,training-b,normal,8.0,2,cache/cinc2016/b0417.npz,0
b0418,training-b,abnormal,8.0,2,cache/cinc2016/b0418.npz,1
b0419,training-b,normal,8.0,2,cache/cinc2016/b0419.npz,3
b0420,training-b,normal,8.0,2,cache/cinc2016/b0420.npz,2
b0421,training-b,normal,8.0,2,cache/cinc2016/b0421.npz,1
b0422,training-b,abnormal,8.0,2,cache/cinc2016/b0422.npz,4
b0423,training-b,normal,8.0,2,cache/cinc2016/b0423.npz,4
b0424,training-b,normal,8.0,2,cache/cinc2016/b0424.npz,1
b0425,training-b,normal,8.0,2,cache/cinc2016/b0425.npz,3
b0426,training-b,normal,8.0,2,cache/cinc2016/b0426.npz,2
b0427,training-b,abnormal,8.0,2,cache/cinc2016/b0427.npz,3
b0428,training-b,abnormal,8.0,2,cache/cinc2016/b0428.npz,4
b0429,training-b,normal,8.0,2,cache/cinc2016/b0429.npz,0
b0430,training-b,normal,8.0,2,cache/cinc2016/b0430.npz,0
b0431,training-b,normal,8.0,2,cache/cinc2016/b0431.npz,0
b0432,training-b,normal,8.0,2,cache/cinc2016/b0432.npz,0
b0433,training-b,normal,8.0,2,cache/cinc2016/b0433.npz,0
b0434,training-b,normal,8.0,2,cache/cinc2016/b0434.npz,1
b0435,training-b,normal,8.0,2,cache/cinc2016/b0435.npz,3
b0436,training-b,abnormal,8.0,2,cache/cinc2016/b0436.npz,4
b0437,training-b,abnormal,8.0,2,cache/cinc2016/b0437.npz,0
b0438,training-b,normal,8.0,2,cache/cinc2016/b0438.npz,0
b0439,training-b,normal,8.0,2,cache/cinc2016/b0439.npz,0
b0440,training-b,normal,8.0,2,cache/cinc2016/b0440.npz,3
b0441,training-b,normal,7.6315,2,cache/cinc2016/b0441.npz,3
b0442,training-b,normal,8.0,2,cache/cinc2016/b0442.npz,0
b0443,training-b,normal,8.0,2,cache/cinc2016/b0443.npz,2
b0444,training-b,abnormal,8.0,2,cache/cinc2016/b0444.npz,3
b0445,training-b,normal,8.0,2,cache/cinc2016/b0445.npz,2
b0446,training-b,abnormal,8.0,2,cache/cinc2016/b0446.npz,1
b0447,training-b,normal,8.0,2,cache/cinc2016/b0447.npz,1
b0448,training-b,normal,8.0,2,cache/cinc2016/b0448.npz,1
b0449,training-b,normal,8.0,2,cache/cinc2016/b0449.npz,2
b0450,training-b,abnormal,8.0,2,cache/cinc2016/b0450.npz,3
b0451,training-b,normal,8.0,2,cache/cinc2016/b0451.npz,4
b0452,training-b,normal,8.0,2,cache/cinc2016/b0452.npz,2
b0453,training-b,normal,8.0,2,cache/cinc2016/b0453.npz,0
b0454,training-b,normal,8.0,2,cache/cinc2016/b0454.npz,3
b0455,training-b,abnormal,7.7275,2,cache/cinc2016/b0455.npz,1
b0456,training-b,normal,8.0,2,cache/cinc2016/b0456.npz,4
b0457,training-b,normal,8.0,2,cache/cinc2016/b0457.npz,3
b0458,training-b,normal,8.0,2,cache/cinc2016/b0458.npz,1
b0459,training-b,normal,8.0,2,cache/cinc2016/b0459.npz,1
b0460,training-b,normal,8.0,2,cache/cinc2016/b0460.npz,2
b0461,training-b,normal,8.0,2,cache/cinc2016/b0461.npz,3
b0462,training-b,normal,8.0,2,cache/cinc2016/b0462.npz,1
b0463,training-b,normal,8.0,2,cache/cinc2016/b0463.npz,0
b0464,training-b,normal,8.0,2,cache/cinc2016/b0464.npz,0
b0465,training-b,abnormal,8.0,2,cache/cinc2016/b0465.npz,2
b0466,training-b,normal,8.0,2,cache/cinc2016/b0466.npz,1
b0467,training-b,abnormal,8.0,2,cache/cinc2016/b0467.npz,1
b0468,training-b,abnormal,8.0,2,cache/cinc2016/b0468.npz,3
b0469,training-b,normal,8.0,2,cache/cinc2016/b0469.npz,2
b0470,training-b,normal,8.0,2,cache/cinc2016/b0470.npz,1
b0471,training-b,abnormal,8.0,2,cache/cinc2016/b0471.npz,2
b0472,training-b,normal,8.0,2,cache/cinc2016/b0472.npz,1
b0473,training-b,normal,8.0,2,cache/cinc2016/b0473.npz,2
b0474,training-b,abnormal,8.0,2,cache/cinc2016/b0474.npz,2
b0475,training-b,normal,8.0,2,cache/cinc2016/b0475.npz,4
b0476,training-b,abnormal,8.0,2,cache/cinc2016/b0476.npz,3
b0477,training-b,normal,8.0,2,cache/cinc2016/b0477.npz,2
b0478,training-b,normal,8.0,2,cache/cinc2016/b0478.npz,3
b0479,training-b,normal,8.0,2,cache/cinc2016/b0479.npz,2
b0480,training-b,normal,8.0,2,cache/cinc2016/b0480.npz,0
b0481,training-b,normal,8.0,2,cache/cinc2016/b0481.npz,1
b0482,training-b,normal,8.0,2,cache/cinc2016/b0482.npz,2
b0483,training-b,normal,8.0,2,cache/cinc2016/b0483.npz,4
b0484,training-b,abnormal,8.0,2,cache/cinc2016/b0484.npz,1
b0485,training-b,normal,8.0,2,cache/cinc2016/b0485.npz,4
b0486,training-b,normal,8.0,2,cache/cinc2016/b0486.npz,2
b0487,training-b,normal,8.0,2,cache/cinc2016/b0487.npz,4
b0488,training-b,normal,8.0,2,cache/cinc2016/b0488.npz,3
b0489,training-b,normal,8.0,2,cache/cinc2016/b0489.npz,0
b0490,training-b,normal,8.0,2,cache/cinc2016/b0490.npz,3
c0001,training-c,abnormal,22.723,8,cache/cinc2016/c0001.npz,4
c0002,training-c,abnormal,11.5765,3,cache/cinc2016/c0002.npz,3
c0003,training-c,normal,32.6475,12,cache/cinc2016/c0003.npz,3
c0004,training-c,abnormal,57.4725,21,cache/cinc2016/c0004.npz,1
c0005,training-c,abnormal,9.649,2,cache/cinc2016/c0005.npz,3
c0006,training-c,normal,29.1805,10,cache/cinc2016/c0006.npz,3
c0007,training-c,normal,31.655,11,cache/cinc2016/c0007.npz,3
c0008,training-c,abnormal,30.042,11,cache/cinc2016/c0008.npz,4
c0009,training-c,abnormal,60.258,23,cache/cinc2016/c0009.npz,0
c0010,training-c,abnormal,89.293,34,cache/cinc2016/c0010.npz,3
c0011,training-c,normal,69.0365,26,cache/cinc2016/c0011.npz,4
c0012,training-c,abnormal,18.837,6,cache/cinc2016/c0012.npz,0
c0013,training-c,abnormal,32.119,11,cache/cinc2016/c0013.npz,0
c0014,training-c,abnormal,44.42,16,cache/cinc2016/c0014.npz,4
c0015,training-c,abnormal,85.1755,33,cache/cinc2016/c0015.npz,0
c0016,training-c,normal,24.7945,8,cache/cinc2016/c0016.npz,3
c0017,training-c,abnormal,61.4135,23,cache/cinc2016/c0017.npz,3
c0018,training-c,abnormal,68.305,26,cache/cinc2016/c0018.npz,1
c0019,training-c,abnormal,51.817,19,cache/cinc2016/c0019.npz,3
c0020,training-c,abnormal,69.0515,26,cache/cinc2016/c0020.npz,4
c0021,training-c,abnormal,60.3585,23,cache/cinc2016/c0021.npz,1
c0022,training-c,normal,71.8115,27,cache/cinc2016/c0022.npz,3
c0023,training-c,abnormal,36.009,13,cache/cinc2016/c0023.npz,3
c0024,training-c,abnormal,106.0495,41,cache/cinc2016/c0024.npz,3
c0025,training-c,abnormal,56.3865,21,cache/cinc2016/c0025.npz,3
c0026,training-c,abnormal,42.1855,15,cache/cinc2016/c0026.npz,3
c0027,training-c,abnormal,69.6395,26,cache/cinc2016/c0027.npz,0
c0028,training-c,abnormal,14.629,4,cache/cinc2016/c0028.npz,3
c0029,training-c,abnormal,36.986,13,cache/cinc2016/c0029.npz,0
c0030,training-c,normal,16.9655,5,cache/cinc2016/c0030.npz,1
c0031,training-c,abnormal,121.9985,47,cache/cinc2016/c0031.npz,1
d0001,training-d,normal,6.6075,1,cache/cinc2016/d0001.npz,0
d0002,training-d,abnormal,10.8465,3,cache/cinc2016/d0002.npz,1
d0003,training-d,abnormal,11.04,3,cache/cinc2016/d0003.npz,2
d0004,training-d,abnormal,9.514,2,cache/cinc2016/d0004.npz,3
d0005,training-d,normal,9.4175,2,cache/cinc2016/d0005.npz,0
d0006,training-d,normal,6.908,1,cache/cinc2016/d0006.npz,2
d0007,training-d,normal,12.78,4,cache/cinc2016/d0007.npz,3
d0008,training-d,abnormal,29.79,10,cache/cinc2016/d0008.npz,4
d0009,training-d,abnormal,12.4055,3,cache/cinc2016/d0009.npz,2
d0010,training-d,abnormal,12.0475,3,cache/cinc2016/d0010.npz,0
d0011,training-d,abnormal,23.07,8,cache/cinc2016/d0011.npz,0
d0012,training-d,abnormal,17.07,5,cache/cinc2016/d0012.npz,3
d0013,training-d,normal,9.221,2,cache/cinc2016/d0013.npz,3
d0014,training-d,abnormal,8.043,2,cache/cinc2016/d0014.npz,3
d0015,training-d,normal,7.6125,2,cache/cinc2016/d0015.npz,1
d0016,training-d,normal,11.0475,3,cache/cinc2016/d0016.npz,2
d0017,training-d,abnormal,12.329,3,cache/cinc2016/d0017.npz,3
d0018,training-d,abnormal,17.853,6,cache/cinc2016/d0018.npz,1
d0019,training-d,abnormal,8.318,2,cache/cinc2016/d0019.npz,4
d0020,training-d,normal,11.0885,3,cache/cinc2016/d0020.npz,3
d0021,training-d,abnormal,22.05,7,cache/cinc2016/d0021.npz,2
d0022,training-d,abnormal,24.12,8,cache/cinc2016/d0022.npz,3
d0023,training-d,normal,16.38,5,cache/cinc2016/d0023.npz,1
d0024,training-d,normal,7.96,2,cache/cinc2016/d0024.npz,0
d0025,training-d,normal,14.28,4,cache/cinc2016/d0025.npz,3
d0026,training-d,abnormal,21.27,7,cache/cinc2016/d0026.npz,1
d0027,training-d,normal,12.06,3,cache/cinc2016/d0027.npz,1
d0028,training-d,abnormal,8.668,2,cache/cinc2016/d0028.npz,3
d0029,training-d,abnormal,8.426,2,cache/cinc2016/d0029.npz,2
d0030,training-d,normal,8.1805,2,cache/cinc2016/d0030.npz,4
d0031,training-d,normal,17.3135,5,cache/cinc2016/d0031.npz,0
d0032,training-d,abnormal,15.87,5,cache/cinc2016/d0032.npz,4
d0033,training-d,abnormal,14.464,4,cache/cinc2016/d0033.npz,2
d0034,training-d,abnormal,27.99,10,cache/cinc2016/d0034.npz,4
d0035,training-d,abnormal,19.23,6,cache/cinc2016/d0035.npz,0
d0036,training-d,normal,20.0625,7,cache/cinc2016/d0036.npz,1
d0037,training-d,normal,12.5365,4,cache/cinc2016/d0037.npz,1
d0038,training-d,abnormal,26.97,9,cache/cinc2016/d0038.npz,0
d0039,training-d,abnormal,11.3515,3,cache/cinc2016/d0039.npz,3
d0040,training-d,abnormal,29.1,10,cache/cinc2016/d0040.npz,3
d0041,training-d,normal,29.077,10,cache/cinc2016/d0041.npz,3
d0042,training-d,abnormal,48.54,18,cache/cinc2016/d0042.npz,2
d0043,training-d,normal,10.0245,3,cache/cinc2016/d0043.npz,4
d0044,training-d,normal,8.0775,2,cache/cinc2016/d0044.npz,2
d0045,training-d,normal,6.637,1,cache/cinc2016/d0045.npz,0
d0046,training-d,abnormal,18.801,6,cache/cinc2016/d0046.npz,1
d0047,training-d,normal,13.08,4,cache/cinc2016/d0047.npz,2
d0048,training-d,normal,15.36,5,cache/cinc2016/d0048.npz,3
d0049,training-d,normal,12.03,3,cache/cinc2016/d0049.npz,2
d0050,training-d,normal,10.739,3,cache/cinc2016/d0050.npz,4
d0051,training-d,abnormal,13.596,4,cache/cinc2016/d0051.npz,2
d0052,training-d,abnormal,33.15,12,cache/cinc2016/d0052.npz,4
d0053,training-d,normal,8.49,2,cache/cinc2016/d0053.npz,4
d0054,training-d,normal,8.3695,2,cache/cinc2016/d0054.npz,1
d0055,training-d,normal,11.86,3,cache/cinc2016/d0055.npz,4
e00001,training-e,normal,20.919,7,cache/cinc2016/e00001.npz,4
e00002,training-e,normal,24.177,8,cache/cinc2016/e00002.npz,0
e00003,training-e,normal,21.173,7,cache/cinc2016/e00003.npz,1
e00004,training-e,normal,19.755,6,cache/cinc2016/e00004.npz,3
e00005,training-e,normal,34.109,12,cache/cinc2016/e00005.npz,2
e00006,training-e,normal,22.458,7,cache/cinc2016/e00006.npz,1
e00007,training-e,normal,27.385,9,cache/cinc2016/e00007.npz,3
e00008,training-e,normal,15.25,5,cache/cinc2016/e00008.npz,1
e00009,training-e,normal,14.412,4,cache/cinc2016/e00009.npz,2
e00010,training-e,normal,19.718,6,cache/cinc2016/e00010.npz,4
e00011,training-e,normal,19.138,6,cache/cinc2016/e00011.npz,2
e00012,training-e,normal,16.067,5,cache/cinc2016/e00012.npz,2
e00013,training-e,normal,20.938,7,cache/cinc2016/e00013.npz,2
e00014,training-e,normal,10.564,3,cache/cinc2016/e00014.npz,3
e00015,training-e,normal,29.557,10,cache/cinc2016/e00015.npz,1
e00016,training-e,normal,27.348,9,cache/cinc2016/e00016.npz,0
e00017,training-e,normal,39.767,14,cache/cinc2016/e00017.npz,0
e00018,training-e,normal,39.452,14,cache/cinc2016/e00018.npz,4
e00019,training-e,normal,21.699,7,cache/cinc2016/e00019.npz,4
e00020,training-e,abnormal,24.218,8,cache/cinc2016/e00020.npz,1
e00021,training-e,normal,24.437,8,cache/cinc2016/e00021.npz,1
e00022,training-e,normal,16.257,5,cache/cinc2016/e00022.npz,3
e00023,training-e,normal,14.882,4,cache/cinc2016/e00023.npz,1
e00024,training-e,normal,21.193,7,cache/cinc2016/e00024.npz,2
e00025,training-e,normal,22.607,8,cache/cinc2016/e00025.npz,1
e00026,training-e,normal,8.589,2,cache/cinc2016/e00026.npz,1
e00027,training-e,normal,31.488,11,cache/cinc2016/e00027.npz,2
e00028,training-e,normal,13.306,4,cache/cinc2016/e00028.npz,3
e00029,training-e,normal,31.829,11,cache/cinc2016/e00029.npz,3
e00030,training-e,normal,29.443,10,cache/cinc2016/e00030.npz,4
e00031,training-e,normal,50.771,19,cache/cinc2016/e00031.npz,4
e00032,training-e,normal,31.167,11,cache/cinc2016/e00032.npz,4
e00033,training-e,normal,9.107,2,cache/cinc2016/e00033.npz,2
e00034,training-e,normal,11.09,3,cache/cinc2016/e00034.npz,3
e00035,training-e,normal,33.668,12,cache/cinc2016/e00035.npz,3
e00036,training-e,normal,14.406,4,cache/cinc2016/e00036.npz,3
e00037,training-e,normal,41.783,15,cache/cinc2016/e00037.npz,2
e00038,training-e,normal,12.459,3,cache/cinc2016/e00038.npz,3
e00039,training-e,normal,9.667,2,cache/cinc2016/e00039.npz,0
e00040,training-e,normal,41.697,15,cache/cinc2016/e00040.npz,4
e00041,training-e,normal,22.955,8,cache/cinc2016/e00041.npz,2
e00042,training-e,normal,22.488,7,cache/cinc2016/e00042.npz,4
e00043,training-e,normal,28.511,10,cache/cinc2016/e00043.npz,2
e00044,training-e,normal,14.437,4,cache/cinc2016/e00044.npz,3
e00045,training-e,normal,21.757,7,cache/cinc2016/e00045.npz,2
e00046,training-e,normal,14.868,4,cache/cinc2016/e00046.npz,3
e00047,training-e,normal,26.528,9,cache/cinc2016/e00047.npz,2
e00048,training-e,abnormal,22.129,7,cache/cinc2016/e00048.npz,4
e00049,training-e,normal,22.743,8,cache/cinc2016/e00049.npz,1
e00050,training-e,normal,22.944,8,cache/cinc2016/e00050.npz,3
e00051,training-e,normal,24.831,8,cache/cinc2016/e00051.npz,3
e00052,training-e,normal,27.501,10,cache/cinc2016/e00052.npz,1
e00053,training-e,normal,24.423,8,cache/cinc2016/e00053.npz,4
e00054,training-e,normal,48.68,18,cache/cinc2016/e00054.npz,1
e00055,training-e,normal,49.454,18,cache/cinc2016/e00055.npz,4
e00056,training-e,normal,14.408,4,cache/cinc2016/e00056.npz,0
e00057,training-e,normal,29.938,10,cache/cinc2016/e00057.npz,0
e00058,training-e,normal,31.205,11,cache/cinc2016/e00058.npz,2
e00059,training-e,abnormal,20.6195,7,cache/cinc2016/e00059.npz,3
e00060,training-e,normal,17.548,6,cache/cinc2016/e00060.npz,1
e00061,training-e,normal,13.799,4,cache/cinc2016/e00061.npz,0
e00062,training-e,normal,13.499,4,cache/cinc2016/e00062.npz,1
e00063,training-e,normal,8.434,2,cache/cinc2016/e00063.npz,2
e00064,training-e,normal,27.177,9,cache/cinc2016/e00064.npz,2
e00065,training-e,normal,24.755,8,cache/cinc2016/e00065.npz,3
e00066,training-e,normal,12.005,3,cache/cinc2016/e00066.npz,0
e00067,training-e,normal,23.706,8,cache/cinc2016/e00067.npz,3
e00068,training-e,normal,17.773,6,cache/cinc2016/e00068.npz,2
e00069,training-e,normal,15.915,5,cache/cinc2016/e00069.npz,3
e00070,training-e,normal,43.582,16,cache/cinc2016/e00070.npz,3
e00071,training-e,abnormal,21.177,7,cache/cinc2016/e00071.npz,3
e00072,training-e,normal,11.97,3,cache/cinc2016/e00072.npz,1
e00073,training-e,normal,30.813,11,cache/cinc2016/e00073.npz,1
e00074,training-e,normal,37.653,14,cache/cinc2016/e00074.npz,2
e00075,training-e,normal,17.065,5,cache/cinc2016/e00075.npz,2
e00076,training-e,normal,31.719,11,cache/cinc2016/e00076.npz,1
e00077,training-e,normal,11.602,3,cache/cinc2016/e00077.npz,3
e00078,training-e,normal,38.88,14,cache/cinc2016/e00078.npz,2
e00079,training-e,normal,23.001,8,cache/cinc2016/e00079.npz,1
e00080,training-e,normal,19.113,6,cache/cinc2016/e00080.npz,0
e00081,training-e,normal,12.739,4,cache/cinc2016/e00081.npz,3
e00082,training-e,normal,16.658,5,cache/cinc2016/e00082.npz,3
e00083,training-e,normal,42.194,15,cache/cinc2016/e00083.npz,4
e00084,training-e,normal,18.428,6,cache/cinc2016/e00084.npz,4
e00085,training-e,normal,18.862,6,cache/cinc2016/e00085.npz,0
e00086,training-e,normal,11.704,3,cache/cinc2016/e00086.npz,3
e00087,training-e,abnormal,21.734,7,cache/cinc2016/e00087.npz,3
e00088,training-e,normal,44.974,16,cache/cinc2016/e00088.npz,1
e00089,training-e,normal,25.47,9,cache/cinc2016/e00089.npz,1
e00090,training-e,normal,38.907,14,cache/cinc2016/e00090.npz,2
e00091,training-e,normal,25.995,9,cache/cinc2016/e00091.npz,2
e00092,training-e,normal,19.7,6,cache/cinc2016/e00092.npz,3
e00093,training-e,normal,18.583,6,cache/cinc2016/e00093.npz,1
e00094,training-e,normal,12.163,3,cache/cinc2016/e00094.npz,4
e00095,training-e,normal,25.93,9,cache/cinc2016/e00095.npz,1
e00096,training-e,normal,23.736,8,cache/cinc2016/e00096.npz,3
e00097,training-e,abnormal,21.9895,7,cache/cinc2016/e00097.npz,4
e00098,training-e,normal,30.174,11,cache/cinc2016/e00098.npz,0
e00099,training-e,normal,26.866,9,cache/cinc2016/e00099.npz,1
e00100,training-e,normal,20.543,7,cache/cinc2016/e00100.npz,0
e00101,training-e,normal,14.614,4,cache/cinc2016/e00101.npz,3
e00102,training-e,normal,35.111,13,cache/cinc2016/e00102.npz,0
e00103,training-e,normal,10.943,3,cache/cinc2016/e00103.npz,4
e00104,training-e,normal,30.093,11,cache/cinc2016/e00104.npz,2
e00105,training-e,normal,11.222,3,cache/cinc2016/e00105.npz,2
e00106,training-e,normal,16.861,5,cache/cinc2016/e00106.npz,0
e00107,training-e,normal,20.225,7,cache/cinc2016/e00107.npz,1
e00108,training-e,normal,28.421,10,cache/cinc2016/e00108.npz,1
e00109,training-e,normal,19.962,6,cache/cinc2016/e00109.npz,0
e00110,training-e,normal,31.941,11,cache/cinc2016/e00110.npz,1
e00111,training-e,normal,13.905,4,cache/cinc2016/e00111.npz,0
e00112,training-e,normal,10.678,3,cache/cinc2016/e00112.npz,1
e00113,training-e,normal,33.156,12,cache/cinc2016/e00113.npz,0
e00114,training-e,abnormal,21.9665,7,cache/cinc2016/e00114.npz,1
e00115,training-e,normal,14.378,4,cache/cinc2016/e00115.npz,2
e00116,training-e,normal,32.449,11,cache/cinc2016/e00116.npz,1
e00117,training-e,normal,26.031,9,cache/cinc2016/e00117.npz,0
e00118,training-e,normal,21.437,7,cache/cinc2016/e00118.npz,2
e00119,training-e,normal,24.744,8,cache/cinc2016/e00119.npz,4
e00120,training-e,abnormal,47.6195,18,cache/cinc2016/e00120.npz,3
e00121,training-e,normal,37.459,13,cache/cinc2016/e00121.npz,4
e00122,training-e,normal,10.044,3,cache/cinc2016/e00122.npz,1
e00123,training-e,normal,15.132,5,cache/cinc2016/e00123.npz,1
e00124,training-e,normal,17.995,6,cache/cinc2016/e00124.npz,0
e00125,training-e,normal,14.439,4,cache/cinc2016/e00125.npz,1
e00126,training-e,normal,14.288,4,cache/cinc2016/e00126.npz,3
e00127,training-e,normal,27.293,9,cache/cinc2016/e00127.npz,1
e00128,training-e,normal,46.94,17,cache/cinc2016/e00128.npz,0
e00129,training-e,normal,23.551,8,cache/cinc2016/e00129.npz,1
e00130,training-e,normal,10.837,3,cache/cinc2016/e00130.npz,2
e00131,training-e,normal,17.481,5,cache/cinc2016/e00131.npz,4
e00132,training-e,normal,12.706,4,cache/cinc2016/e00132.npz,1
e00133,training-e,normal,32.804,12,cache/cinc2016/e00133.npz,2
e00134,training-e,normal,44.31,16,cache/cinc2016/e00134.npz,1
e00135,training-e,abnormal,21.0375,7,cache/cinc2016/e00135.npz,2
e00136,training-e,normal,17.637,6,cache/cinc2016/e00136.npz,2
e00137,training-e,normal,13.007,4,cache/cinc2016/e00137.npz,0
e00138,training-e,normal,34.377,12,cache/cinc2016/e00138.npz,0
e00139,training-e,normal,9.322,2,cache/cinc2016/e00139.npz,2
e00140,training-e,abnormal,23.29,8,cache/cinc2016/e00140.npz,2
e00141,training-e,normal,21.642,7,cache/cinc2016/e00141.npz,4
e00142,training-e,abnormal,24.218,8,cache/cinc2016/e00142.npz,4
e00143,training-e,normal,14.152,4,cache/cinc2016/e00143.npz,3
e00144,training-e,normal,17.326,5,cache/cinc2016/e00144.npz,4
e00145,training-e,normal,30.253,11,cache/cinc2016/e00145.npz,0
e00146,training-e,normal,23.277,8,cache/cinc2016/e00146.npz,3
e00147,training-e,normal,12.318,3,cache/cinc2016/e00147.npz,0
e00148,training-e,normal,22.689,8,cache/cinc2016/e00148.npz,0
e00149,training-e,normal,20.47,7,cache/cinc2016/e00149.npz,0
e00150,training-e,normal,17.309,5,cache/cinc2016/e00150.npz,2
e00151,training-e,normal,19.562,6,cache/cinc2016/e00151.npz,2
e00152,training-e,abnormal,11.6565,3,cache/cinc2016/e00152.npz,0
e00153,training-e,normal,27.528,10,cache/cinc2016/e00153.npz,2
e00154,training-e,normal,22.573,8,cache/cinc2016/e00154.npz,2
e00155,training-e,normal,10.781,3,cache/cinc2016/e00155.npz,0
e00156,training-e,normal,25.357,9,cache/cinc2016/e00156.npz,3
e00157,training-e,normal,44.984,16,cache/cinc2016/e00157.npz,0
e00158,training-e,normal,27.901,10,cache/cinc2016/e00158.npz,0
e00159,training-e,normal,23.548,8,cache/cinc2016/e00159.npz,0
e00160,training-e,normal,16.142,5,cache/cinc2016/e00160.npz,4
e00161,training-e,normal,14.994,4,cache/cinc2016/e00161.npz,2
e00162,training-e,normal,24.24,8,cache/cinc2016/e00162.npz,2
e00163,training-e,normal,20.371,7,cache/cinc2016/e00163.npz,1
e00164,training-e,normal,47.428,17,cache/cinc2016/e00164.npz,0
e00165,training-e,normal,12.666,4,cache/cinc2016/e00165.npz,1
e00166,training-e,normal,23.124,8,cache/cinc2016/e00166.npz,1
e00167,training-e,normal,23.03,8,cache/cinc2016/e00167.npz,1
e00168,training-e,normal,12.222,3,cache/cinc2016/e00168.npz,1
e00169,training-e,normal,18.394,6,cache/cinc2016/e00169.npz,1
e00170,training-e,normal,17.473,5,cache/cinc2016/e00170.npz,1
e00171,training-e,normal,25.385,9,cache/cinc2016/e00171.npz,1
e00172,training-e,normal,20.818,7,cache/cinc2016/e00172.npz,0
e00173,training-e,normal,36.31,13,cache/cinc2016/e00173.npz,4
e00174,training-e,normal,16.44,5,cache/cinc2016/e00174.npz,3
e00175,training-e,normal,20.169,7,cache/cinc2016/e00175.npz,4
e00176,training-e,abnormal,38.912,14,cache/cinc2016/e00176.npz,4
e00177,training-e,normal,8.925,2,cache/cinc2016/e00177.npz,0
e00178,training-e,normal,26.21,9,cache/cinc2016/e00178.npz,4
e00179,training-e,normal,12.706,4,cache/cinc2016/e00179.npz,1
e00180,training-e,normal,20.001,7,cache/cinc2016/e00180.npz,1
e00181,training-e,normal,18.634,6,cache/cinc2016/e00181.npz,3
e00182,training-e,normal,20.793,7,cache/cinc2016/e00182.npz,3
e00183,training-e,normal,26.464,9,cache/cinc2016/e00183.npz,2
e00184,training-e,normal,30.598,11,cache/cinc2016/e00184.npz,1
e00185,training-e,normal,44.946,16,cache/cinc2016/e00185.npz,2
e00186,training-e,normal,17.094,5,cache/cinc2016/e00186.npz,1
e00187,training-e,normal,18.597,6,cache/cinc2016/e00187.npz,1
e00188,training-e,normal,13.906,4,cache/cinc2016/e00188.npz,3
e00189,training-e,normal,25.436,9,cache/cinc2016/e00189.npz,4
e00190,training-e,normal,11.558,3,cache/cinc2016/e00190.npz,3
e00191,training-e,abnormal,81.633,31,cache/cinc2016/e00191.npz,0
e00192,training-e,normal,26.139,9,cache/cinc2016/e00192.npz,3
e00193,training-e,normal,20.652,7,cache/cinc2016/e00193.npz,2
e00194,training-e,normal,18.652,6,cache/cinc2016/e00194.npz,0
e00195,training-e,abnormal,19.32,6,cache/cinc2016/e00195.npz,1
e00196,training-e,normal,40.029,15,cache/cinc2016/e00196.npz,1
e00197,training-e,normal,55.812,21,cache/cinc2016/e00197.npz,2
e00198,training-e,normal,24.32,8,cache/cinc2016/e00198.npz,4
e00199,training-e,normal,11.61,3,cache/cinc2016/e00199.npz,1
e00200,training-e,normal,13.737,4,cache/cinc2016/e00200.npz,3
e00201,training-e,normal,16.078,5,cache/cinc2016/e00201.npz,2
e00202,training-e,normal,25.745,9,cache/cinc2016/e00202.npz,3
e00203,training-e,normal,21.94,7,cache/cinc2016/e00203.npz,3
e00204,training-e,normal,32.761,12,cache/cinc2016/e00204.npz,1
e00205,training-e,normal,19.848,6,cache/cinc2016/e00205.npz,1
e00206,training-e,normal,42.654,16,cache/cinc2016/e00206.npz,4
e00207,training-e,normal,19.378,6,cache/cinc2016/e00207.npz,2
e00208,training-e,normal,18.573,6,cache/cinc2016/e00208.npz,2
e00209,training-e,normal,15.833,5,cache/cinc2016/e00209.npz,3
e00210,training-e,normal,16.0,5,cache/cinc2016/e00210.npz,0
e00211,training-e,normal,18.057,6,cache/cinc2016/e00211.npz,1
e00212,training-e,normal,9.331,2,cache/cinc2016/e00212.npz,1
e00213,training-e,normal,22.737,8,cache/cinc2016/e00213.npz,3
e00214,training-e,normal,15.38,5,cache/cinc2016/e00214.npz,1
e00215,training-e,normal,51.344,19,cache/cinc2016/e00215.npz,2
e00216,training-e,abnormal,8.127,2,cache/cinc2016/e00216.npz,1
e00217,training-e,normal,33.616,12,cache/cinc2016/e00217.npz,0
e00218,training-e,normal,21.038,7,cache/cinc2016/e00218.npz,2
e00219,training-e,normal,25.138,9,cache/cinc2016/e00219.npz,1
e00220,training-e,normal,24.19,8,cache/cinc2016/e00220.npz,4
e00221,training-e,normal,40.127,15,cache/cinc2016/e00221.npz,4
e00222,training-e,normal,53.262,20,cache/cinc2016/e00222.npz,1
e00223,training-e,normal,17.62,6,cache/cinc2016/e00223.npz,1
e00224,training-e,normal,15.217,5,cache/cinc2016/e00224.npz,4
e00225,training-e,normal,15.973,5,cache/cinc2016/e00225.npz,0
e00226,training-e,normal,27.377,9,cache/cinc2016/e00226.npz,1
e00227,training-e,normal,16.938,5,cache/cinc2016/e00227.npz,4
e00228,training-e,abnormal,21.2695,7,cache/cinc2016/e00228.npz,2
e00229,training-e,normal,28.334,10,cache/cinc2016/e00229.npz,2
e00230,training-e,normal,19.933,6,cache/cinc2016/e00230.npz,2
e00231,training-e,normal,26.885,9,cache/cinc2016/e00231.npz,0
e00232,training-e,normal,28.489,10,cache/cinc2016/e00232.npz,1
e00233,training-e,normal,17.037,5,cache/cinc2016/e00233.npz,4
e00234,training-e,normal,25.736,9,cache/cinc2016/e00234.npz,3
e00235,training-e,normal,20.622,7,cache/cinc2016/e00235.npz,2
e00236,training-e,normal,18.444,6,cache/cinc2016/e00236.npz,3
e00237,training-e,normal,16.316,5,cache/cinc2016/e00237.npz,4
e00238,training-e,normal,24.666,8,cache/cinc2016/e00238.npz,3
e00239,training-e,normal,28.345,10,cache/cinc2016/e00239.npz,2
e00240,training-e,normal,16.913,5,cache/cinc2016/e00240.npz,2
e00241,training-e,normal,22.938,8,cache/cinc2016/e00241.npz,4
e00242,training-e,normal,19.758,6,cache/cinc2016/e00242.npz,0
e00243,training-e,normal,9.676,2,cache/cinc2016/e00243.npz,0
e00244,training-e,normal,24.698,8,cache/cinc2016/e00244.npz,3
e00245,training-e,normal,18.568,6,cache/cinc2016/e00245.npz,1
e00246,training-e,normal,19.91,6,cache/cinc2016/e00246.npz,4
e00247,training-e,normal,30.609,11,cache/cinc2016/e00247.npz,4
e00248,training-e,normal,24.786,8,cache/cinc2016/e00248.npz,3
e00249,training-e,normal,23.529,8,cache/cinc2016/e00249.npz,0
e00250,training-e,normal,19.447,6,cache/cinc2016/e00250.npz,2
e00251,training-e,normal,22.997,8,cache/cinc2016/e00251.npz,2
e00252,training-e,normal,27.684,10,cache/cinc2016/e00252.npz,4
e00253,training-e,normal,50.491,19,cache/cinc2016/e00253.npz,0
e00254,training-e,normal,23.264,8,cache/cinc2016/e00254.npz,1
e00255,training-e,normal,21.349,7,cache/cinc2016/e00255.npz,1
e00256,training-e,normal,32.25,11,cache/cinc2016/e00256.npz,0
e00257,training-e,normal,20.199,7,cache/cinc2016/e00257.npz,3
e00258,training-e,normal,22.649,8,cache/cinc2016/e00258.npz,0
e00259,training-e,normal,24.859,8,cache/cinc2016/e00259.npz,3
e00260,training-e,normal,45.955,17,cache/cinc2016/e00260.npz,2
e00261,training-e,normal,22.742,8,cache/cinc2016/e00261.npz,1
e00262,training-e,normal,19.357,6,cache/cinc2016/e00262.npz,0
e00263,training-e,normal,17.836,6,cache/cinc2016/e00263.npz,0
e00264,training-e,normal,17.322,5,cache/cinc2016/e00264.npz,2
e00265,training-e,normal,27.348,9,cache/cinc2016/e00265.npz,0
e00266,training-e,abnormal,18.2745,6,cache/cinc2016/e00266.npz,3
e00267,training-e,normal,19.075,6,cache/cinc2016/e00267.npz,4
e00268,training-e,normal,21.688,7,cache/cinc2016/e00268.npz,3
e00269,training-e,normal,19.854,6,cache/cinc2016/e00269.npz,1
e00270,training-e,normal,42.936,16,cache/cinc2016/e00270.npz,3
e00271,training-e,normal,45.291,17,cache/cinc2016/e00271.npz,2
e00272,training-e,normal,22.648,8,cache/cinc2016/e00272.npz,0
e00273,training-e,normal,43.214,16,cache/cinc2016/e00273.npz,4
e00274,training-e,normal,26.872,9,cache/cinc2016/e00274.npz,2
e00275,training-e,abnormal,10.4955,3,cache/cinc2016/e00275.npz,0
e00276,training-e,normal,11.202,3,cache/cinc2016/e00276.npz,4
e00277,training-e,normal,22.906,8,cache/cinc2016/e00277.npz,4
e00278,training-e,normal,25.453,9,cache/cinc2016/e00278.npz,3
e00279,training-e,normal,28.453,10,cache/cinc2016/e00279.npz,0
e00280,training-e,normal,28.966,10,cache/cinc2016/e00280.npz,1
e00281,training-e,normal,26.355,9,cache/cinc2016/e00281.npz,0
e00282,training-e,normal,20.28,7,cache/cinc2016/e00282.npz,2
e00283,training-e,normal,16.72,5,cache/cinc2016/e00283.npz,3
e00284,training-e,normal,35.715,13,cache/cinc2016/e00284.npz,2
e00285,training-e,normal,23.587,8,cache/cinc2016/e00285.npz,0
e00286,training-e,normal,20.323,7,cache/cinc2016/e00286.npz,2
e00287,training-e,normal,9.93,2,cache/cinc2016/e00287.npz,1
e00288,training-e,normal,23.56,8,cache/cinc2016/e00288.npz,1
e00289,training-e,normal,28.08,10,cache/cinc2016/e00289.npz,2
e00290,training-e,normal,12.687,4,cache/cinc2016/e00290.npz,0
e00291,training-e,normal,17.607,6,cache/cinc2016/e00291.npz,3
e00292,training-e,normal,33.852,12,cache/cinc2016/e00292.npz,2
e00293,training-e,normal,24.239,8,cache/cinc2016/e00293.npz,1
e00294,training-e,normal,18.82,6,cache/cinc2016/e00294.npz,4
e00295,training-e,abnormal,21.85,7,cache/cinc2016/e00295.npz,2
e00296,training-e,normal,25.978,9,cache/cinc2016/e00296.npz,2
e00297,training-e,normal,27.727,10,cache/cinc2016/e00297.npz,0
e00298,training-e,normal,26.667,9,cache/cinc2016/e00298.npz,2
e00299,training-e,normal,22.924,8,cache/cinc2016/e00299.npz,0
e00300,training-e,normal,21.196,7,cache/cinc2016/e00300.npz,4
e00301,training-e,normal,38.102,14,cache/cinc2016/e00301.npz,2
e00302,training-e,normal,22.989,8,cache/cinc2016/e00302.npz,0
e00303,training-e,normal,28.325,10,cache/cinc2016/e00303.npz,3
e00304,training-e,abnormal,13.3335,4,cache/cinc2016/e00304.npz,2
e00305,training-e,abnormal,13.2355,4,cache/cinc2016/e00305.npz,2
e00306,training-e,normal,24.934,8,cache/cinc2016/e00306.npz,1
e00307,training-e,normal,23.357,8,cache/cinc2016/e00307.npz,3
e00308,training-e,normal,50.529,19,cache/cinc2016/e00308.npz,2
e00309,training-e,normal,11.741,3,cache/cinc2016/e00309.npz,3
e00310,training-e,normal,24.873,8,cache/cinc2016/e00310.npz,4
e00311,training-e,normal,17.359,5,cache/cinc2016/e00311.npz,0
e00312,training-e,normal,21.219,7,cache/cinc2016/e00312.npz,0
e00313,training-e,normal,22.305,7,cache/cinc2016/e00313.npz,3
e00314,training-e,normal,16.459,5,cache/cinc2016/e00314.npz,3
e00315,training-e,normal,27.147,9,cache/cinc2016/e00315.npz,0
e00316,training-e,normal,19.28,6,cache/cinc2016/e00316.npz,4
e00317,training-e,normal,23.689,8,cache/cinc2016/e00317.npz,3
e00318,training-e,normal,20.395,7,cache/cinc2016/e00318.npz,4
e00319,training-e,normal,20.022,7,cache/cinc2016/e00319.npz,3
e00320,training-e,normal,42.273,15,cache/cinc2016/e00320.npz,2
e00321,training-e,abnormal,9.799,2,cache/cinc2016/e00321.npz,2
e00322,training-e,normal,17.62,6,cache/cinc2016/e00322.npz,1
e00323,training-e,normal,21.385,7,cache/cinc2016/e00323.npz,3
e00324,training-e,normal,22.97,8,cache/cinc2016/e00324.npz,1
e00325,training-e,normal,15.102,5,cache/cinc2016/e00325.npz,1
e00326,training-e,normal,13.695,4,cache/cinc2016/e00326.npz,0
e00327,training-e,normal,23.301,8,cache/cinc2016/e00327.npz,2
e00328,training-e,abnormal,20.689,7,cache/cinc2016/e00328.npz,1
e00329,training-e,normal,19.904,6,cache/cinc2016/e00329.npz,1
e00330,training-e,abnormal,23.7775,8,cache/cinc2016/e00330.npz,3
e00331,training-e,normal,13.189,4,cache/cinc2016/e00331.npz,4
e00332,training-e,normal,15.996,5,cache/cinc2016/e00332.npz,4
e00333,training-e,normal,80.277,31,cache/cinc2016/e00333.npz,3
e00334,training-e,normal,24.697,8,cache/cinc2016/e00334.npz,3
e00335,training-e,normal,20.99,7,cache/cinc2016/e00335.npz,4
e00336,training-e,abnormal,12.2605,3,cache/cinc2016/e00336.npz,0
e00337,training-e,normal,26.697,9,cache/cinc2016/e00337.npz,4
e00338,training-e,normal,57.733,22,cache/cinc2016/e00338.npz,2
e00339,training-e,normal,23.301,8,cache/cinc2016/e00339.npz,4
e00340,training-e,normal,10.441,3,cache/cinc2016/e00340.npz,1
e00341,training-e,normal,26.514,9,cache/cinc2016/e00341.npz,4
e00342,training-e,normal,15.196,5,cache/cinc2016/e00342.npz,2
e00343,training-e,normal,8.713,2,cache/cinc2016/e00343.npz,3
e00344,training-e,normal,12.947,4,cache/cinc2016/e00344.npz,2
e00345,training-e,normal,23.26,8,cache/cinc2016/e00345.npz,2
e00346,training-e,normal,18.655,6,cache/cinc2016/e00346.npz,4
e00347,training-e,normal,12.157,3,cache/cinc2016/e00347.npz,0
e00348,training-e,normal,19.401,6,cache/cinc2016/e00348.npz,4
e00349,training-e,normal,28.264,10,cache/cinc2016/e00349.npz,4
e00350,training-e,normal,18.213,6,cache/cinc2016/e00350.npz,1
e00351,training-e,normal,20.174,7,cache/cinc2016/e00351.npz,4
e00352,training-e,normal,9.239,2,cache/cinc2016/e00352.npz,4
e00353,training-e,normal,15.919,5,cache/cinc2016/e00353.npz,2
e00354,training-e,normal,19.989,6,cache/cinc2016/e00354.npz,3
e00355,training-e,normal,11.431,3,cache/cinc2016/e00355.npz,2
e00356,training-e,normal,22.081,7,cache/cinc2016/e00356.npz,0
e00357,training-e,normal,12.461,3,cache/cinc2016/e00357.npz,0
e00358,training-e,normal,12.037,3,cache/cinc2016/e00358.npz,0
e00359,training-e,abnormal,20.898,7,cache/cinc2016/e00359.npz,1
e00360,training-e,normal,10.796,3,cache/cinc2016/e00360.npz,0
e00361,training-e,normal,22.445,7,cache/cinc2016/e00361.npz,4
e00362,training-e,normal,16.533,5,cache/cinc2016/e00362.npz,4
e00363,training-e,normal,22.908,8,cache/cinc2016/e00363.npz,3
e00364,training-e,normal,22.194,7,cache/cinc2016/e00364.npz,2
e00365,training-e,normal,11.806,3,cache/cinc2016/e00365.npz,3
e00366,training-e,normal,22.233,7,cache/cinc2016/e00366.npz,1
e00367,training-e,normal,19.739,6,cache/cinc2016/e00367.npz,0
e00368,training-e,normal,22.32,7,cache/cinc2016/e00368.npz,4
e00369,training-e,normal,28.62,10,cache/cinc2016/e00369.npz,3
e00370,training-e,normal,21.563,7,cache/cinc2016/e00370.npz,3
e00371,training-e,normal,30.463,11,cache/cinc2016/e00371.npz,4
e00372,training-e,normal,17.557,6,cache/cinc2016/e00372.npz,3
e00373,training-e,abnormal,14.9305,4,cache/cinc2016/e00373.npz,1
e00374,training-e,normal,25.667,9,cache/cinc2016/e00374.npz,0
e00375,training-e,normal,22.772,8,cache/cinc2016/e00375.npz,1
e00376,training-e,normal,24.146,8,cache/cinc2016/e00376.npz,1
e00377,training-e,normal,20.208,7,cache/cinc2016/e00377.npz,1
e00378,training-e,normal,14.505,4,cache/cinc2016/e00378.npz,4
e00379,training-e,normal,20.539,7,cache/cinc2016/e00379.npz,1
e00380,training-e,normal,37.929,14,cache/cinc2016/e00380.npz,3
e00381,training-e,normal,22.208,7,cache/cinc2016/e00381.npz,0
e00382,training-e,normal,34.46,12,cache/cinc2016/e00382.npz,1
e00383,training-e,normal,21.03,7,cache/cinc2016/e00383.npz,1
e00384,training-e,normal,13.678,4,cache/cinc2016/e00384.npz,1
e00385,training-e,normal,25.46,9,cache/cinc2016/e00385.npz,1
e00386,training-e,normal,16.451,5,cache/cinc2016/e00386.npz,1
e00387,training-e,normal,27.145,9,cache/cinc2016/e00387.npz,1
e00388,training-e,abnormal,21.4325,7,cache/cinc2016/e00388.npz,3
e00389,training-e,normal,17.825,6,cache/cinc2016/e00389.npz,2
e00390,training-e,normal,19.61,6,cache/cinc2016/e00390.npz,4
e00391,training-e,normal,24.087,8,cache/cinc2016/e00391.npz,4
e00392,training-e,normal,24.741,8,cache/cinc2016/e00392.npz,3
e00393,training-e,normal,19.318,6,cache/cinc2016/e00393.npz,3
e00394,training-e,normal,20.468,7,cache/cinc2016/e00394.npz,0
e00395,training-e,normal,21.095,7,cache/cinc2016/e00395.npz,2
e00396,training-e,normal,38.07,14,cache/cinc2016/e00396.npz,1
e00397,training-e,normal,26.224,9,cache/cinc2016/e00397.npz,0
e00398,training-e,normal,21.91,7,cache/cinc2016/e00398.npz,1
e00399,training-e,normal,29.825,10,cache/cinc2016/e00399.npz,0
e00400,training-e,normal,11.899,3,cache/cinc2016/e00400.npz,0
e00401,training-e,normal,29.773,10,cache/cinc2016/e00401.npz,0
e00402,training-e,normal,23.339,8,cache/cinc2016/e00402.npz,1
e00403,training-e,normal,52.965,20,cache/cinc2016/e00403.npz,1
e00404,training-e,normal,14.595,4,cache/cinc2016/e00404.npz,4
e00405,training-e,normal,14.387,4,cache/cinc2016/e00405.npz,4
e00406,training-e,normal,23.628,8,cache/cinc2016/e00406.npz,0
e00407,training-e,normal,29.955,10,cache/cinc2016/e00407.npz,1
e00408,training-e,normal,21.288,7,cache/cinc2016/e00408.npz,4
e00409,training-e,normal,13.254,4,cache/cinc2016/e00409.npz,0
e00410,training-e,normal,18.572,6,cache/cinc2016/e00410.npz,0
e00411,training-e,normal,22.684,8,cache/cinc2016/e00411.npz,2
e00412,training-e,normal,8.406,2,cache/cinc2016/e00412.npz,4
e00413,training-e,normal,34.712,12,cache/cinc2016/e00413.npz,2
e00414,training-e,normal,20.458,7,cache/cinc2016/e00414.npz,0
e00415,training-e,normal,20.291,7,cache/cinc2016/e00415.npz,2
e00416,training-e,normal,38.164,14,cache/cinc2016/e00416.npz,3
e00417,training-e,normal,24.808,8,cache/cinc2016/e00417.npz,3
e00418,training-e,normal,15.03,5,cache/cinc2016/e00418.npz,0
e00419,training-e,normal,25.375,9,cache/cinc2016/e00419.npz,4
e00420,training-e,normal,25.634,9,cache/cinc2016/e00420.npz,4
e00421,training-e,normal,22.445,7,cache/cinc2016/e00421.npz,0
e00422,training-e,normal,20.744,7,cache/cinc2016/e00422.npz,0
e00423,training-e,normal,16.337,5,cache/cinc2016/e00423.npz,4
e00424,training-e,normal,11.142,3,cache/cinc2016/e00424.npz,1
e00425,training-e,normal,26.154,9,cache/cinc2016/e00425.npz,2
e00426,training-e,normal,15.162,5,cache/cinc2016/e00426.npz,3
e00427,training-e,normal,11.018,3,cache/cinc2016/e00427.npz,2
e00428,training-e,normal,13.333,4,cache/cinc2016/e00428.npz,0
e00429,training-e,normal,10.489,3,cache/cinc2016/e00429.npz,1
e00430,training-e,normal,21.723,7,cache/cinc2016/e00430.npz,3
e00431,training-e,normal,11.106,3,cache/cinc2016/e00431.npz,3
e00432,training-e,normal,62.439,23,cache/cinc2016/e00432.npz,1
e00433,training-e,normal,13.196,4,cache/cinc2016/e00433.npz,2
e00434,training-e,normal,12.604,4,cache/cinc2016/e00434.npz,2
e00435,training-e,abnormal,23.6735,8,cache/cinc2016/e00435.npz,2
e00436,training-e,normal,13.793,4,cache/cinc2016/e00436.npz,2
e00437,training-e,normal,23.691,8,cache/cinc2016/e00437.npz,4
e00438,training-e,normal,23.575,8,cache/cinc2016/e00438.npz,1
e00439,training-e,normal,18.422,6,cache/cinc2016/e00439.npz,0
e00440,training-e,normal,10.468,3,cache/cinc2016/e00440.npz,1
e00441,training-e,normal,16.232,5,cache/cinc2016/e00441.npz,0
e00442,training-e,normal,9.363,2,cache/cinc2016/e00442.npz,3
e00443,training-e,normal,11.823,3,cache/cinc2016/e00443.npz,1
e00444,training-e,normal,21.315,7,cache/cinc2016/e00444.npz,3
e00445,training-e,normal,21.448,7,cache/cinc2016/e00445.npz,4
e00446,training-e,normal,23.641,8,cache/cinc2016/e00446.npz,4
e00447,training-e,normal,34.671,12,cache/cinc2016/e00447.npz,2
e00448,training-e,normal,33.391,12,cache/cinc2016/e00448.npz,1
e00449,training-e,normal,18.56,6,cache/cinc2016/e00449.npz,4
e00450,training-e,normal,11.708,3,cache/cinc2016/e00450.npz,1
e00451,training-e,normal,19.342,6,cache/cinc2016/e00451.npz,1
e00452,training-e,normal,16.828,5,cache/cinc2016/e00452.npz,2
e00453,training-e,normal,24.671,8,cache/cinc2016/e00453.npz,4
e00454,training-e,normal,11.207,3,cache/cinc2016/e00454.npz,3
e00455,training-e,normal,27.31,9,cache/cinc2016/e00455.npz,4
e00456,training-e,abnormal,23.7775,8,cache/cinc2016/e00456.npz,1
e00457,training-e,abnormal,14.838,4,cache/cinc2016/e00457.npz,3
e00458,training-e,normal,8.148,2,cache/cinc2016/e00458.npz,3
e00459,training-e,normal,19.151,6,cache/cinc2016/e00459.npz,1
e00460,training-e,normal,19.357,6,cache/cinc2016/e00460.npz,2
e00461,training-e,abnormal,15.5105,5,cache/cinc2016/e00461.npz,1
e00462,training-e,normal,39.0,14,cache/cinc2016/e00462.npz,0
e00463,training-e,normal,22.702,8,cache/cinc2016/e00463.npz,3
e00464,training-e,normal,17.225,5,cache/cinc2016/e00464.npz,3
e00465,training-e,normal,30.708,11,cache/cinc2016/e00465.npz,1
e00466,training-e,normal,14.634,4,cache/cinc2016/e00466.npz,2
e00467,training-e,normal,12.655,4,cache/cinc2016/e00467.npz,2
e00468,training-e,normal,28.276,10,cache/cinc2016/e00468.npz,0
e00469,training-e,normal,38.8,14,cache/cinc2016/e00469.npz,3
e00470,training-e,normal,11.801,3,cache/cinc2016/e00470.npz,4
e00471,training-e,normal,19.054,6,cache/cinc2016/e00471.npz,1
e00472,training-e,normal,15.958,5,cache/cinc2016/e00472.npz,3
e00473,training-e,normal,80.598,31,cache/cinc2016/e00473.npz,4
e00474,training-e,normal,20.272,7,cache/cinc2016/e00474.npz,3
e00475,training-e,abnormal,11.703,3,cache/cinc2016/e00475.npz,4
e00476,training-e,normal,60.071,23,cache/cinc2016/e00476.npz,4
e00477,training-e,abnormal,15.697,5,cache/cinc2016/e00477.npz,4
e00478,training-e,normal,25.144,9,cache/cinc2016/e00478.npz,3
e00479,training-e,normal,25.376,9,cache/cinc2016/e00479.npz,0
e00480,training-e,normal,14.576,4,cache/cinc2016/e00480.npz,3
e00481,training-e,normal,17.966,6,cache/cinc2016/e00481.npz,0
e00482,training-e,normal,25.528,9,cache/cinc2016/e00482.npz,1
e00483,training-e,normal,17.709,6,cache/cinc2016/e00483.npz,2
e00484,training-e,normal,13.24,4,cache/cinc2016/e00484.npz,0
e00485,training-e,normal,10.74,3,cache/cinc2016/e00485.npz,4
e00486,training-e,normal,60.118,23,cache/cinc2016/e00486.npz,1
e00487,training-e,normal,24.996,8,cache/cinc2016/e00487.npz,4
e00488,training-e,normal,28.642,10,cache/cinc2016/e00488.npz,0
e00489,training-e,normal,36.439,13,cache/cinc2016/e00489.npz,0
e00490,training-e,normal,20.49,7,cache/cinc2016/e00490.npz,3
e00491,training-e,normal,33.9,12,cache/cinc2016/e00491.npz,0
e00492,training-e,normal,32.317,11,cache/cinc2016/e00492.npz,3
e00493,training-e,normal,10.125,3,cache/cinc2016/e00493.npz,2
e00494,training-e,normal,23.202,8,cache/cinc2016/e00494.npz,4
e00495,training-e,normal,15.101,5,cache/cinc2016/e00495.npz,3
e00496,training-e,normal,30.855,11,cache/cinc2016/e00496.npz,1
e00497,training-e,normal,17.034,5,cache/cinc2016/e00497.npz,2
e00498,training-e,normal,24.083,8,cache/cinc2016/e00498.npz,1
e00499,training-e,normal,19.093,6,cache/cinc2016/e00499.npz,3
e00500,training-e,normal,27.826,10,cache/cinc2016/e00500.npz,4
e00501,training-e,normal,14.434,4,cache/cinc2016/e00501.npz,1
e00502,training-e,normal,15.939,5,cache/cinc2016/e00502.npz,2
e00503,training-e,normal,13.479,4,cache/cinc2016/e00503.npz,4
e00504,training-e,normal,11.4,3,cache/cinc2016/e00504.npz,2
e00505,training-e,normal,22.564,8,cache/cinc2016/e00505.npz,3
e00506,training-e,normal,17.856,6,cache/cinc2016/e00506.npz,4
e00507,training-e,normal,22.241,7,cache/cinc2016/e00507.npz,2
e00508,training-e,normal,17.191,5,cache/cinc2016/e00508.npz,4
e00509,training-e,normal,26.247,9,cache/cinc2016/e00509.npz,2
e00510,training-e,normal,10.009,3,cache/cinc2016/e00510.npz,4
e00511,training-e,normal,34.368,12,cache/cinc2016/e00511.npz,2
e00512,training-e,normal,8.285,2,cache/cinc2016/e00512.npz,1
e00513,training-e,normal,16.564,5,cache/cinc2016/e00513.npz,2
e00514,training-e,normal,18.181,6,cache/cinc2016/e00514.npz,0
e00515,training-e,normal,22.688,8,cache/cinc2016/e00515.npz,0
e00516,training-e,normal,19.862,6,cache/cinc2016/e00516.npz,3
e00517,training-e,normal,36.749,13,cache/cinc2016/e00517.npz,1
e00518,training-e,normal,28.102,10,cache/cinc2016/e00518.npz,3
e00519,training-e,normal,11.882,3,cache/cinc2016/e00519.npz,0
e00520,training-e,normal,14.143,4,cache/cinc2016/e00520.npz,1
e00521,training-e,normal,20.54,7,cache/cinc2016/e00521.npz,4
e00522,training-e,normal,20.961,7,cache/cinc2016/e00522.npz,3
e00523,training-e,abnormal,40.5445,15,cache/cinc2016/e00523.npz,1
e00524,training-e,normal,20.597,7,cache/cinc2016/e00524.npz,1
e00525,training-e,normal,23.368,8,cache/cinc2016/e00525.npz,3
e00526,training-e,abnormal,10.5885,3,cache/cinc2016/e00526.npz,4
e00527,training-e,normal,48.215,18,cache/cinc2016/e00527.npz,2
e00528,training-e,abnormal,23.7545,8,cache/cinc2016/e00528.npz,3
e00529,training-e,normal,35.019,13,cache/cinc2016/e00529.npz,2
e00530,training-e,normal,19.29,6,cache/cinc2016/e00530.npz,2
e00531,training-e,normal,8.291,2,cache/cinc2016/e00531.npz,0
e00532,training-e,normal,26.551,9,cache/cinc2016/e00532.npz,2
e00533,training-e,normal,18.564,6,cache/cinc2016/e00533.npz,2
e00534,training-e,normal,21.903,7,cache/cinc2016/e00534.npz,2
e00535,training-e,normal,21.494,7,cache/cinc2016/e00535.npz,0
e00536,training-e,abnormal,18.646,6,cache/cinc2016/e00536.npz,0
e00537,training-e,abnormal,11.6335,3,cache/cinc2016/e00537.npz,3
e00538,training-e,normal,9.357,2,cache/cinc2016/e00538.npz,2
e00539,training-e,abnormal,46.259,17,cache/cinc2016/e00539.npz,3
e00540,training-e,normal,15.808,5,cache/cinc2016/e00540.npz,1
e00541,training-e,normal,37.293,13,cache/cinc2016/e00541.npz,4
e00542,training-e,normal,19.505,6,cache/cinc2016/e00542.npz,3
e00543,training-e,normal,22.734,8,cache/cinc2016/e00543.npz,3
e00544,training-e,normal,22.116,7,cache/cinc2016/e00544.npz,2
e00545,training-e,normal,84.582,32,cache/cinc2016/e00545.npz,0
e00546,training-e,normal,17.982,6,cache/cinc2016/e00546.npz,2
e00547,training-e,normal,22.487,7,cache/cinc2016/e00547.npz,1
e00548,training-e,normal,29.316,10,cache/cinc2016/e00548.npz,3
e00549,training-e,normal,11.548,3,cache/cinc2016/e00549.npz,0
e00550,training-e,normal,37.477,13,cache/cinc2016/e00550.npz,4
e00551,training-e,abnormal,21.409,7,cache/cinc2016/e00551.npz,3
e00552,training-e,normal,23.424,8,cache/cinc2016/e00552.npz,3
e00553,training-e,normal,41.326,15,cache/cinc2016/e00553.npz,2
e00554,training-e,normal,14.105,4,cache/cinc2016/e00554.npz,1
e00555,training-e,normal,16.637,5,cache/cinc2016/e00555.npz,1
e00556,training-e,normal,29.361,10,cache/cinc2016/e00556.npz,4
e00557,training-e,normal,14.571,4,cache/cinc2016/e00557.npz,0
e00558,training-e,normal,30.69,11,cache/cinc2016/e00558.npz,2
e00559,training-e,normal,19.37,6,cache/cinc2016/e00559.npz,3
e00560,training-e,normal,26.085,9,cache/cinc2016/e00560.npz,2
e00561,training-e,normal,25.818,9,cache/cinc2016/e00561.npz,4
e00562,training-e,abnormal,23.7775,8,cache/cinc2016/e00562.npz,1
e00563,training-e,normal,15.278,5,cache/cinc2016/e00563.npz,4
e00564,training-e,normal,14.092,4,cache/cinc2016/e00564.npz,4
e00565,training-e,normal,15.98,5,cache/cinc2016/e00565.npz,2
e00566,training-e,normal,18.438,6,cache/cinc2016/e00566.npz,1
e00567,training-e,normal,20.921,7,cache/cinc2016/e00567.npz,0
e00568,training-e,normal,19.267,6,cache/cinc2016/e00568.npz,4
e00569,training-e,normal,23.951,8,cache/cinc2016/e00569.npz,2
e00570,training-e,normal,16.037,5,cache/cinc2016/e00570.npz,1
e00571,training-e,normal,8.125,2,cache/cinc2016/e00571.npz,1
e00572,training-e,normal,12.204,3,cache/cinc2016/e00572.npz,3
e00573,training-e,normal,24.174,8,cache/cinc2016/e00573.npz,1
e00574,training-e,normal,12.443,3,cache/cinc2016/e00574.npz,3
e00575,training-e,normal,20.541,7,cache/cinc2016/e00575.npz,1
e00576,training-e,normal,28.637,10,cache/cinc2016/e00576.npz,3
e00577,training-e,normal,31.556,11,cache/cinc2016/e00577.npz,0
e00578,training-e,normal,13.385,4,cache/cinc2016/e00578.npz,1
e00579,training-e,normal,28.003,10,cache/cinc2016/e00579.npz,4
e00580,training-e,normal,37.481,13,cache/cinc2016/e00580.npz,4
e00581,training-e,normal,28.05,10,cache/cinc2016/e00581.npz,3
e00582,training-e,normal,25.49,9,cache/cinc2016/e00582.npz,2
e00583,training-e,normal,25.438,9,cache/cinc2016/e00583.npz,0
e00584,training-e,normal,26.616,9,cache/cinc2016/e00584.npz,2
e00585,training-e,normal,57.567,22,cache/cinc2016/e00585.npz,2
e00586,training-e,normal,20.908,7,cache/cinc2016/e00586.npz,0
e00587,training-e,normal,17.15,5,cache/cinc2016/e00587.npz,1
e00588,training-e,normal,28.33,10,cache/cinc2016/e00588.npz,2
e00589,training-e,normal,25.807,9,cache/cinc2016/e00589.npz,3
e00590,training-e,normal,47.54,18,cache/cinc2016/e00590.npz,4
e00591,training-e,abnormal,19.273,6,cache/cinc2016/e00591.npz,4
e00592,training-e,normal,22.011,7,cache/cinc2016/e00592.npz,0
e00593,training-e,normal,19.275,6,cache/cinc2016/e00593.npz,2
e00594,training-e,normal,13.132,4,cache/cinc2016/e00594.npz,2
e00595,training-e,normal,93.534,36,cache/cinc2016/e00595.npz,4
e00596,training-e,normal,18.246,6,cache/cinc2016/e00596.npz,1
e00597,training-e,normal,8.862,2,cache/cinc2016/e00597.npz,4
e00598,training-e,normal,16.366,5,cache/cinc2016/e00598.npz,3
e00599,training-e,normal,53.408,20,cache/cinc2016/e00599.npz,2
e00600,training-e,normal,17.41,5,cache/cinc2016/e00600.npz,4
e00601,training-e,abnormal,22.7325,8,cache/cinc2016/e00601.npz,2
e00602,training-e,normal,43.815,16,cache/cinc2016/e00602.npz,2
e00603,training-e,abnormal,91.701,35,cache/cinc2016/e00603.npz,0
e00604,training-e,normal,23.225,8,cache/cinc2016/e00604.npz,2
e00605,training-e,abnormal,21.497,7,cache/cinc2016/e00605.npz,1
e00606,training-e,normal,14.167,4,cache/cinc2016/e00606.npz,1
e00607,training-e,normal,19.591,6,cache/cinc2016/e00607.npz,1
e00608,training-e,normal,19.747,6,cache/cinc2016/e00608.npz,2
e00609,training-e,normal,19.767,6,cache/cinc2016/e00609.npz,0
e00610,training-e,normal,22.167,7,cache/cinc2016/e00610.npz,2
e00611,training-e,normal,23.509,8,cache/cinc2016/e00611.npz,1
e00612,training-e,normal,15.763,5,cache/cinc2016/e00612.npz,3
e00613,training-e,normal,26.498,9,cache/cinc2016/e00613.npz,2
e00614,training-e,normal,36.355,13,cache/cinc2016/e00614.npz,2
e00615,training-e,normal,15.541,5,cache/cinc2016/e00615.npz,4
e00616,training-e,normal,37.712,14,cache/cinc2016/e00616.npz,1
e00617,training-e,normal,20.153,7,cache/cinc2016/e00617.npz,1
e00618,training-e,normal,20.761,7,cache/cinc2016/e00618.npz,2
e00619,training-e,abnormal,9.451,2,cache/cinc2016/e00619.npz,0
e00620,training-e,normal,24.53,8,cache/cinc2016/e00620.npz,1
e00621,training-e,normal,23.803,8,cache/cinc2016/e00621.npz,0
e00622,training-e,abnormal,20.782,7,cache/cinc2016/e00622.npz,4
e00623,training-e,normal,18.82,6,cache/cinc2016/e00623.npz,3
e00624,training-e,normal,13.724,4,cache/cinc2016/e00624.npz,1
e00625,training-e,normal,27.073,9,cache/cinc2016/e00625.npz,3
e00626,training-e,normal,9.083,2,cache/cinc2016/e00626.npz,2
e00627,training-e,abnormal,17.16,5,cache/cinc2016/e00627.npz,3
e00628,training-e,normal,41.09,15,cache/cinc2016/e00628.npz,0
e00629,training-e,normal,15.395,5,cache/cinc2016/e00629.npz,1
e00630,training-e,normal,18.993,6,cache/cinc2016/e00630.npz,3
e00631,training-e,normal,23.894,8,cache/cinc2016/e00631.npz,0
e00632,training-e,normal,14.502,4,cache/cinc2016/e00632.npz,0
e00633,training-e,normal,13.949,4,cache/cinc2016/e00633.npz,2
e00634,training-e,normal,28.307,10,cache/cinc2016/e00634.npz,1
e00635,training-e,normal,24.464,8,cache/cinc2016/e00635.npz,3
e00636,training-e,normal,24.335,8,cache/cinc2016/e00636.npz,1
e00637,training-e,normal,19.296,6,cache/cinc2016/e00637.npz,3
e00638,training-e,normal,39.076,14,cache/cinc2016/e00638.npz,4
e00639,training-e,normal,13.713,4,cache/cinc2016/e00639.npz,2
e00640,training-e,normal,15.97,5,cache/cinc2016/e00640.npz,2
e00641,training-e,normal,11.034,3,cache/cinc2016/e00641.npz,3
e00642,training-e,normal,20.577,7,cache/cinc2016/e00642.npz,1
e00643,training-e,normal,21.322,7,cache/cinc2016/e00643.npz,2
e00644,training-e,normal,19.169,6,cache/cinc2016/e00644.npz,0
e00645,training-e,normal,17.559,6,cache/cinc2016/e00645.npz,2
e00646,training-e,normal,22.37,7,cache/cinc2016/e00646.npz,1
e00647,training-e,normal,17.847,6,cache/cinc2016/e00647.npz,4
e00648,training-e,abnormal,10.8905,3,cache/cinc2016/e00648.npz,1
e00649,training-e,normal,35.75,13,cache/cinc2016/e00649.npz,4
e00650,training-e,normal,19.934,6,cache/cinc2016/e00650.npz,4
e00651,training-e,normal,27.079,9,cache/cinc2016/e00651.npz,3
e00652,training-e,normal,15.183,5,cache/cinc2016/e00652.npz,1
e00653,training-e,normal,32.242,11,cache/cinc2016/e00653.npz,3
e00654,training-e,normal,21.902,7,cache/cinc2016/e00654.npz,1
e00655,training-e,normal,36.338,13,cache/cinc2016/e00655.npz,3
e00656,training-e,normal,10.975,3,cache/cinc2016/e00656.npz,0
e00657,training-e,abnormal,20.0625,7,cache/cinc2016/e00657.npz,4
e00658,training-e,normal,30.677,11,cache/cinc2016/e00658.npz,1
e00659,training-e,normal,24.171,8,cache/cinc2016/e00659.npz,2
e00660,training-e,normal,26.387,9,cache/cinc2016/e00660.npz,1
e00661,training-e,normal,29.318,10,cache/cinc2016/e00661.npz,2
e00662,training-e,normal,9.437,2,cache/cinc2016/e00662.npz,2
e00663,training-e,normal,39.193,14,cache/cinc2016/e00663.npz,4
e00664,training-e,normal,19.053,6,cache/cinc2016/e00664.npz,3
e00665,training-e,normal,26.885,9,cache/cinc2016/e00665.npz,3
e00666,training-e,normal,18.165,6,cache/cinc2016/e00666.npz,4
e00667,training-e,normal,23.297,8,cache/cinc2016/e00667.npz,3
e00668,training-e,normal,41.164,15,cache/cinc2016/e00668.npz,4
e00669,training-e,normal,25.245,9,cache/cinc2016/e00669.npz,3
e00670,training-e,abnormal,10.844,3,cache/cinc2016/e00670.npz,3
e00671,training-e,normal,23.483,8,cache/cinc2016/e00671.npz,4
e00672,training-e,normal,44.929,16,cache/cinc2016/e00672.npz,2
e00673,training-e,normal,8.95,2,cache/cinc2016/e00673.npz,2
e00674,training-e,normal,18.38,6,cache/cinc2016/e00674.npz,4
e00675,training-e,normal,23.127,8,cache/cinc2016/e00675.npz,4
e00676,training-e,normal,19.689,6,cache/cinc2016/e00676.npz,2
e00677,training-e,normal,9.916,2,cache/cinc2016/e00677.npz,0
e00678,training-e,normal,21.183,7,cache/cinc2016/e00678.npz,3
e00679,training-e,normal,15.592,5,cache/cinc2016/e00679.npz,0
e00680,training-e,normal,10.266,3,cache/cinc2016/e00680.npz,2
e00681,training-e,normal,19.309,6,cache/cinc2016/e00681.npz,2
e00682,training-e,normal,27.186,9,cache/cinc2016/e00682.npz,1
e00683,training-e,normal,19.753,6,cache/cinc2016/e00683.npz,4
e00684,training-e,normal,26.765,9,cache/cinc2016/e00684.npz,2
e00685,training-e,normal,34.312,12,cache/cinc2016/e00685.npz,2
e00686,training-e,normal,19.179,6,cache/cinc2016/e00686.npz,3
e00687,training-e,normal,19.722,6,cache/cinc2016/e00687.npz,0
e00688,training-e,normal,25.334,9,cache/cinc2016/e00688.npz,4
e00689,training-e,normal,8.341,2,cache/cinc2016/e00689.npz,1
e00690,training-e,normal,16.737,5,cache/cinc2016/e00690.npz,4
e00691,training-e,normal,41.262,15,cache/cinc2016/e00691.npz,2
e00692,training-e,normal,26.994,9,cache/cinc2016/e00692.npz,1
e00693,training-e,abnormal,19.32,6,cache/cinc2016/e00693.npz,3
e00694,training-e,normal,22.802,8,cache/cinc2016/e00694.npz,4
e00695,training-e,normal,20.279,7,cache/cinc2016/e00695.npz,2
e00696,training-e,normal,27.765,10,cache/cinc2016/e00696.npz,2
e00697,training-e,normal,20.295,7,cache/cinc2016/e00697.npz,4
e00698,training-e,normal,10.688,3,cache/cinc2016/e00698.npz,4
e00699,training-e,abnormal,14.977,4,cache/cinc2016/e00699.npz,0
e00700,training-e,normal,19.882,6,cache/cinc2016/e00700.npz,0
e00701,training-e,normal,17.812,6,cache/cinc2016/e00701.npz,3
e00702,training-e,normal,29.917,10,cache/cinc2016/e00702.npz,3
e00703,training-e,abnormal,12.214,3,cache/cinc2016/e00703.npz,3
e00704,training-e,normal,13.97,4,cache/cinc2016/e00704.npz,1
e00705,training-e,normal,34.023,12,cache/cinc2016/e00705.npz,0
e00706,training-e,normal,21.95,7,cache/cinc2016/e00706.npz,0
e00707,training-e,normal,24.201,8,cache/cinc2016/e00707.npz,1
e00708,training-e,normal,26.978,9,cache/cinc2016/e00708.npz,4
e00709,training-e,normal,19.977,6,cache/cinc2016/e00709.npz,4
e00710,training-e,normal,15.558,5,cache/cinc2016/e00710.npz,1
e00711,training-e,normal,19.374,6,cache/cinc2016/e00711.npz,3
e00712,training-e,normal,20.241,7,cache/cinc2016/e00712.npz,3
e00713,training-e,abnormal,23.5915,8,cache/cinc2016/e00713.npz,2
e00714,training-e,normal,12.29,3,cache/cinc2016/e00714.npz,4
e00715,training-e,normal,24.61,8,cache/cinc2016/e00715.npz,2
e00716,training-e,normal,15.467,5,cache/cinc2016/e00716.npz,3
e00717,training-e,normal,19.72,6,cache/cinc2016/e00717.npz,2
e00718,training-e,normal,17.635,6,cache/cinc2016/e00718.npz,1
e00719,training-e,normal,17.082,5,cache/cinc2016/e00719.npz,0
e00720,training-e,normal,23.66,8,cache/cinc2016/e00720.npz,2
e00721,training-e,normal,16.885,5,cache/cinc2016/e00721.npz,2
e00722,training-e,normal,13.29,4,cache/cinc2016/e00722.npz,2
e00723,training-e,normal,25.443,9,cache/cinc2016/e00723.npz,2
e00724,training-e,normal,17.268,5,cache/cinc2016/e00724.npz,3
e00725,training-e,normal,29.595,10,cache/cinc2016/e00725.npz,0
e00726,training-e,normal,43.763,16,cache/cinc2016/e00726.npz,0
e00727,training-e,normal,48.798,18,cache/cinc2016/e00727.npz,4
e00728,training-e,normal,26.187,9,cache/cinc2016/e00728.npz,4
e00729,training-e,normal,20.435,7,cache/cinc2016/e00729.npz,1
e00730,training-e,normal,25.887,9,cache/cinc2016/e00730.npz,3
e00731,training-e,abnormal,49.252,18,cache/cinc2016/e00731.npz,4
e00732,training-e,normal,40.098,15,cache/cinc2016/e00732.npz,0
e00733,training-e,normal,13.284,4,cache/cinc2016/e00733.npz,2
e00734,training-e,normal,27.231,9,cache/cinc2016/e00734.npz,3
e00735,training-e,normal,20.224,7,cache/cinc2016/e00735.npz,1
e00736,training-e,normal,21.6,7,cache/cinc2016/e00736.npz,2
e00737,training-e,abnormal,22.7095,8,cache/cinc2016/e00737.npz,2
e00738,training-e,normal,26.77,9,cache/cinc2016/e00738.npz,3
e00739,training-e,normal,17.556,6,cache/cinc2016/e00739.npz,3
e00740,training-e,normal,23.443,8,cache/cinc2016/e00740.npz,4
e00741,training-e,normal,16.261,5,cache/cinc2016/e00741.npz,3
e00742,training-e,normal,29.638,10,cache/cinc2016/e00742.npz,0
e00743,training-e,normal,19.457,6,cache/cinc2016/e00743.npz,4
e00744,training-e,normal,28.821,10,cache/cinc2016/e00744.npz,1
e00745,training-e,normal,23.872,8,cache/cinc2016/e00745.npz,1
e00746,training-e,normal,19.226,6,cache/cinc2016/e00746.npz,1
e00747,training-e,normal,17.189,5,cache/cinc2016/e00747.npz,3
e00748,training-e,normal,19.469,6,cache/cinc2016/e00748.npz,1
e00749,training-e,normal,15.155,5,cache/cinc2016/e00749.npz,3
e00750,training-e,normal,19.279,6,cache/cinc2016/e00750.npz,2
e00751,training-e,normal,19.157,6,cache/cinc2016/e00751.npz,0
e00752,training-e,normal,33.327,12,cache/cinc2016/e00752.npz,4
e00753,training-e,normal,9.654,2,cache/cinc2016/e00753.npz,4
e00754,training-e,normal,39.047,14,cache/cinc2016/e00754.npz,1
e00755,training-e,normal,37.474,13,cache/cinc2016/e00755.npz,4
e00756,training-e,normal,39.136,14,cache/cinc2016/e00756.npz,1
e00757,training-e,normal,31.928,11,cache/cinc2016/e00757.npz,2
e00758,training-e,normal,31.183,11,cache/cinc2016/e00758.npz,3
e00759,training-e,normal,19.543,6,cache/cinc2016/e00759.npz,2
e00760,training-e,normal,24.984,8,cache/cinc2016/e00760.npz,2
e00761,training-e,normal,18.967,6,cache/cinc2016/e00761.npz,4
e00762,training-e,normal,19.0,6,cache/cinc2016/e00762.npz,3
e00763,training-e,normal,25.84,9,cache/cinc2016/e00763.npz,1
e00764,training-e,normal,15.679,5,cache/cinc2016/e00764.npz,1
e00765,training-e,normal,19.412,6,cache/cinc2016/e00765.npz,1
e00766,training-e,abnormal,20.341,7,cache/cinc2016/e00766.npz,2
e00767,training-e,normal,21.994,7,cache/cinc2016/e00767.npz,3
e00768,training-e,normal,17.363,5,cache/cinc2016/e00768.npz,0
e00769,training-e,normal,34.314,12,cache/cinc2016/e00769.npz,0
e00770,training-e,normal,24.925,8,cache/cinc2016/e00770.npz,2
e00771,training-e,normal,39.117,14,cache/cinc2016/e00771.npz,4
e00772,training-e,normal,20.111,7,cache/cinc2016/e00772.npz,3
e00773,training-e,normal,21.589,7,cache/cinc2016/e00773.npz,3
e00774,training-e,normal,12.311,3,cache/cinc2016/e00774.npz,3
e00775,training-e,normal,21.124,7,cache/cinc2016/e00775.npz,3
e00776,training-e,normal,8.319,2,cache/cinc2016/e00776.npz,3
e00777,training-e,normal,21.458,7,cache/cinc2016/e00777.npz,4
e00778,training-e,normal,19.761,6,cache/cinc2016/e00778.npz,3
e00779,training-e,normal,31.056,11,cache/cinc2016/e00779.npz,3
e00780,training-e,normal,18.876,6,cache/cinc2016/e00780.npz,4
e00781,training-e,normal,20.128,7,cache/cinc2016/e00781.npz,3
e00782,training-e,normal,11.24,3,cache/cinc2016/e00782.npz,1
e00783,training-e,normal,26.445,9,cache/cinc2016/e00783.npz,2
e00784,training-e,normal,34.544,12,cache/cinc2016/e00784.npz,0
e00785,training-e,normal,21.265,7,cache/cinc2016/e00785.npz,2
e00786,training-e,normal,24.669,8,cache/cinc2016/e00786.npz,4
e00787,training-e,normal,47.063,17,cache/cinc2016/e00787.npz,2
e00788,training-e,normal,9.687,2,cache/cinc2016/e00788.npz,4
e00789,training-e,normal,13.431,4,cache/cinc2016/e00789.npz,4
e00790,training-e,normal,26.123,9,cache/cinc2016/e00790.npz,3
e00791,training-e,normal,38.303,14,cache/cinc2016/e00791.npz,0
e00792,training-e,abnormal,23.22,8,cache/cinc2016/e00792.npz,0
e00793,training-e,normal,24.675,8,cache/cinc2016/e00793.npz,1
e00794,training-e,normal,16.554,5,cache/cinc2016/e00794.npz,2
e00795,training-e,normal,16.41,5,cache/cinc2016/e00795.npz,1
e00796,training-e,normal,18.782,6,cache/cinc2016/e00796.npz,3
e00797,training-e,normal,23.199,8,cache/cinc2016/e00797.npz,2
e00798,training-e,normal,10.139,3,cache/cinc2016/e00798.npz,0
e00799,training-e,normal,13.469,4,cache/cinc2016/e00799.npz,4
e00800,training-e,normal,35.402,13,cache/cinc2016/e00800.npz,2
e00801,training-e,normal,15.958,5,cache/cinc2016/e00801.npz,2
e00802,training-e,normal,17.982,6,cache/cinc2016/e00802.npz,3
e00803,training-e,normal,18.42,6,cache/cinc2016/e00803.npz,2
e00804,training-e,normal,27.831,10,cache/cinc2016/e00804.npz,2
e00805,training-e,normal,30.121,11,cache/cinc2016/e00805.npz,0
e00806,training-e,normal,22.735,8,cache/cinc2016/e00806.npz,4
e00807,training-e,normal,10.58,3,cache/cinc2016/e00807.npz,1
e00808,training-e,normal,12.645,4,cache/cinc2016/e00808.npz,1
e00809,training-e,normal,17.383,5,cache/cinc2016/e00809.npz,0
e00810,training-e,normal,28.021,10,cache/cinc2016/e00810.npz,2
e00811,training-e,abnormal,22.802,8,cache/cinc2016/e00811.npz,3
e00812,training-e,abnormal,23.7775,8,cache/cinc2016/e00812.npz,3
e00813,training-e,normal,14.154,4,cache/cinc2016/e00813.npz,2
e00814,training-e,normal,19.335,6,cache/cinc2016/e00814.npz,1
e00815,training-e,normal,22.136,7,cache/cinc2016/e00815.npz,4
e00816,training-e,normal,15.857,5,cache/cinc2016/e00816.npz,0
e00817,training-e,normal,26.236,9,cache/cinc2016/e00817.npz,0
e00818,training-e,normal,18.594,6,cache/cinc2016/e00818.npz,0
e00819,training-e,normal,9.95,2,cache/cinc2016/e00819.npz,2
e00820,training-e,normal,26.937,9,cache/cinc2016/e00820.npz,4
e00821,training-e,normal,19.838,6,cache/cinc2016/e00821.npz,0
e00822,training-e,normal,21.629,7,cache/cinc2016/e00822.npz,0
e00823,training-e,normal,13.028,4,cache/cinc2016/e00823.npz,2
e00824,training-e,abnormal,20.016,7,cache/cinc2016/e00824.npz,3
e00825,training-e,normal,28.183,10,cache/cinc2016/e00825.npz,3
e00826,training-e,normal,47.508,18,cache/cinc2016/e00826.npz,3
e00827,training-e,normal,28.561,10,cache/cinc2016/e00827.npz,2
e00828,training-e,normal,56.134,21,cache/cinc2016/e00828.npz,0
e00829,training-e,normal,17.974,6,cache/cinc2016/e00829.npz,4
e00830,training-e,normal,23.135,8,cache/cinc2016/e00830.npz,3
e00831,training-e,normal,14.809,4,cache/cinc2016/e00831.npz,2
e00832,training-e,normal,21.401,7,cache/cinc2016/e00832.npz,2
e00833,training-e,normal,28.488,10,cache/cinc2016/e00833.npz,3
e00834,training-e,normal,35.447,13,cache/cinc2016/e00834.npz,0
e00835,training-e,normal,35.725,13,cache/cinc2016/e00835.npz,0
e00836,training-e,normal,21.243,7,cache/cinc2016/e00836.npz,3
e00837,training-e,normal,18.885,6,cache/cinc2016/e00837.npz,2
e00838,training-e,normal,28.242,10,cache/cinc2016/e00838.npz,1
e00839,training-e,normal,18.016,6,cache/cinc2016/e00839.npz,3
e00840,training-e,normal,19.885,6,cache/cinc2016/e00840.npz,4
e00841,training-e,abnormal,21.084,7,cache/cinc2016/e00841.npz,0
e00842,training-e,normal,59.691,22,cache/cinc2016/e00842.npz,2
e00843,training-e,normal,18.839,6,cache/cinc2016/e00843.npz,2
e00844,training-e,normal,11.057,3,cache/cinc2016/e00844.npz,4
e00845,training-e,normal,47.572,18,cache/cinc2016/e00845.npz,4
e00846,training-e,normal,10.578,3,cache/cinc2016/e00846.npz,2
e00847,training-e,abnormal,13.677,4,cache/cinc2016/e00847.npz,1
e00848,training-e,normal,26.735,9,cache/cinc2016/e00848.npz,0
e00849,training-e,normal,22.658,8,cache/cinc2016/e00849.npz,1
e00850,training-e,normal,23.695,8,cache/cinc2016/e00850.npz,4
e00851,training-e,normal,26.944,9,cache/cinc2016/e00851.npz,0
e00852,training-e,normal,23.7,8,cache/cinc2016/e00852.npz,3
e00853,training-e,normal,26.948,9,cache/cinc2016/e00853.npz,2
e00854,training-e,normal,10.159,3,cache/cinc2016/e00854.npz,4
e00855,training-e,normal,19.757,6,cache/cinc2016/e00855.npz,1
e00856,training-e,normal,12.464,3,cache/cinc2016/e00856.npz,2
e00857,training-e,normal,53.718,20,cache/cinc2016/e00857.npz,3
e00858,training-e,normal,9.097,2,cache/cinc2016/e00858.npz,3
e00859,training-e,normal,50.332,19,cache/cinc2016/e00859.npz,3
e00860,training-e,normal,99.202,38,cache/cinc2016/e00860.npz,0
e00861,training-e,normal,40.313,15,cache/cinc2016/e00861.npz,0
e00862,training-e,normal,23.923,8,cache/cinc2016/e00862.npz,4
e00863,training-e,normal,25.452,9,cache/cinc2016/e00863.npz,2
e00864,training-e,normal,21.049,7,cache/cinc2016/e00864.npz,3
e00865,training-e,normal,21.497,7,cache/cinc2016/e00865.npz,3
e00866,training-e,normal,21.181,7,cache/cinc2016/e00866.npz,4
e00867,training-e,normal,15.665,5,cache/cinc2016/e00867.npz,2
e00868,training-e,normal,22.453,7,cache/cinc2016/e00868.npz,3
e00869,training-e,normal,16.486,5,cache/cinc2016/e00869.npz,1
e00870,training-e,normal,16.439,5,cache/cinc2016/e00870.npz,4
e00871,training-e,abnormal,12.1675,3,cache/cinc2016/e00871.npz,4
e00872,training-e,normal,18.084,6,cache/cinc2016/e00872.npz,0
e00873,training-e,normal,21.928,7,cache/cinc2016/e00873.npz,1
e00874,training-e,normal,22.008,7,cache/cinc2016/e00874.npz,2
e00875,training-e,normal,25.812,9,cache/cinc2016/e00875.npz,3
e00876,training-e,normal,22.204,7,cache/cinc2016/e00876.npz,3
e00877,training-e,normal,22.687,8,cache/cinc2016/e00877.npz,2
e00878,training-e,normal,11.686,3,cache/cinc2016/e00878.npz,1
e00879,training-e,normal,12.471,3,cache/cinc2016/e00879.npz,2
e00880,training-e,abnormal,16.0545,5,cache/cinc2016/e00880.npz,2
e00881,training-e,normal,23.017,8,cache/cinc2016/e00881.npz,0
e00882,training-e,normal,26.514,9,cache/cinc2016/e00882.npz,1
e00883,training-e,normal,24.073,8,cache/cinc2016/e00883.npz,2
e00884,training-e,normal,27.254,9,cache/cinc2016/e00884.npz,0
e00885,training-e,normal,21.5,7,cache/cinc2016/e00885.npz,2
e00886,training-e,normal,26.341,9,cache/cinc2016/e00886.npz,4
e00887,training-e,normal,25.571,9,cache/cinc2016/e00887.npz,0
e00888,training-e,normal,17.196,5,cache/cinc2016/e00888.npz,3
e00889,training-e,normal,29.674,10,cache/cinc2016/e00889.npz,4
e00890,training-e,normal,29.832,10,cache/cinc2016/e00890.npz,3
e00891,training-e,normal,23.975,8,cache/cinc2016/e00891.npz,3
e00892,training-e,normal,12.296,3,cache/cinc2016/e00892.npz,0
e00893,training-e,normal,17.732,6,cache/cinc2016/e00893.npz,4
e00894,training-e,normal,29.273,10,cache/cinc2016/e00894.npz,1
e00895,training-e,normal,26.487,9,cache/cinc2016/e00895.npz,3
e00896,training-e,normal,35.129,13,cache/cinc2016/e00896.npz,1
e00897,training-e,normal,32.502,12,cache/cinc2016/e00897.npz,3
e00898,training-e,normal,28.999,10,cache/cinc2016/e00898.npz,2
e00899,training-e,normal,39.068,14,cache/cinc2016/e00899.npz,0
e00900,training-e,normal,9.463,2,cache/cinc2016/e00900.npz,0
e00901,training-e,normal,17.96,6,cache/cinc2016/e00901.npz,3
e00902,training-e,normal,16.259,5,cache/cinc2016/e00902.npz,3
e00903,training-e,normal,18.851,6,cache/cinc2016/e00903.npz,4
e00904,training-e,normal,16.983,5,cache/cinc2016/e00904.npz,2
e00905,training-e,normal,25.75,9,cache/cinc2016/e00905.npz,1
e00906,training-e,normal,9.489,2,cache/cinc2016/e00906.npz,1
e00907,training-e,normal,10.973,3,cache/cinc2016/e00907.npz,3
e00908,training-e,normal,12.006,3,cache/cinc2016/e00908.npz,0
e00909,training-e,normal,36.915,13,cache/cinc2016/e00909.npz,2
e00910,training-e,normal,29.005,10,cache/cinc2016/e00910.npz,4
e00911,training-e,normal,17.821,6,cache/cinc2016/e00911.npz,4
e00912,training-e,normal,21.912,7,cache/cinc2016/e00912.npz,1
e00913,training-e,normal,17.729,6,cache/cinc2016/e00913.npz,2
e00914,training-e,normal,15.808,5,cache/cinc2016/e00914.npz,4
e00915,training-e,normal,22.138,7,cache/cinc2016/e00915.npz,1
e00916,training-e,normal,18.604,6,cache/cinc2016/e00916.npz,0
e00917,training-e,abnormal,9.9615,2,cache/cinc2016/e00917.npz,1
e00918,training-e,normal,28.494,10,cache/cinc2016/e00918.npz,4
e00919,training-e,normal,12.671,4,cache/cinc2016/e00919.npz,1
e00920,training-e,normal,18.902,6,cache/cinc2016/e00920.npz,1
e00921,training-e,abnormal,40.5445,15,cache/cinc2016/e00921.npz,3
e00922,training-e,normal,9.933,2,cache/cinc2016/e00922.npz,3
e00923,training-e,normal,11.624,3,cache/cinc2016/e00923.npz,1
e00924,training-e,abnormal,30.7485,11,cache/cinc2016/e00924.npz,2
e00925,training-e,abnormal,21.8735,7,cache/cinc2016/e00925.npz,3
e00926,training-e,normal,22.709,8,cache/cinc2016/e00926.npz,2
e00927,training-e,normal,12.326,3,cache/cinc2016/e00927.npz,4
e00928,training-e,normal,9.259,2,cache/cinc2016/e00928.npz,1
e00929,training-e,abnormal,10.194,3,cache/cinc2016/e00929.npz,4
e00930,training-e,normal,16.666,5,cache/cinc2016/e00930.npz,2
e00931,training-e,normal,24.335,8,cache/cinc2016/e00931.npz,0
e00932,training-e,normal,24.851,8,cache/cinc2016/e00932.npz,4
e00933,training-e,normal,16.634,5,cache/cinc2016/e00933.npz,2
e00934,training-e,normal,27.069,9,cache/cinc2016/e00934.npz,3
e00935,training-e,abnormal,16.556,5,cache/cinc2016/e00935.npz,2
e00936,training-e,abnormal,11.912,3,cache/cinc2016/e00936.npz,1
e00937,training-e,normal,20.612,7,cache/cinc2016/e00937.npz,1
e00938,training-e,normal,27.618,10,cache/cinc2016/e00938.npz,3
e00939,training-e,normal,22.039,7,cache/cinc2016/e00939.npz,4
e00940,training-e,normal,12.044,3,cache/cinc2016/e00940.npz,3
e00941,training-e,normal,25.591,9,cache/cinc2016/e00941.npz,2
e00942,training-e,normal,28.273,10,cache/cinc2016/e00942.npz,2
e00943,training-e,normal,20.484,7,cache/cinc2016/e00943.npz,4
e00944,training-e,normal,15.948,5,cache/cinc2016/e00944.npz,1
e00945,training-e,normal,37.198,13,cache/cinc2016/e00945.npz,3
e00946,training-e,normal,23.795,8,cache/cinc2016/e00946.npz,0
e00947,training-e,normal,8.962,2,cache/cinc2016/e00947.npz,3
e00948,training-e,normal,17.419,5,cache/cinc2016/e00948.npz,4
e00949,training-e,normal,21.28,7,cache/cinc2016/e00949.npz,3
e00950,training-e,normal,18.34,6,cache/cinc2016/e00950.npz,4
e00951,training-e,normal,24.551,8,cache/cinc2016/e00951.npz,1
e00952,training-e,normal,8.632,2,cache/cinc2016/e00952.npz,3
e00953,training-e,normal,89.272,34,cache/cinc2016/e00953.npz,4
e00954,training-e,normal,10.721,3,cache/cinc2016/e00954.npz,0
e00955,training-e,normal,20.256,7,cache/cinc2016/e00955.npz,0
e00956,training-e,normal,19.152,6,cache/cinc2016/e00956.npz,3
e00957,training-e,normal,38.103,14,cache/cinc2016/e00957.npz,0
e00958,training-e,normal,19.551,6,cache/cinc2016/e00958.npz,1
e00959,training-e,normal,9.553,2,cache/cinc2016/e00959.npz,3
e00960,training-e,normal,21.377,7,cache/cinc2016/e00960.npz,1
e00961,training-e,normal,36.097,13,cache/cinc2016/e00961.npz,3
e00962,training-e,normal,27.193,9,cache/cinc2016/e00962.npz,2
e00963,training-e,normal,27.466,9,cache/cinc2016/e00963.npz,4
e00964,training-e,normal,42.207,15,cache/cinc2016/e00964.npz,0
e00965,training-e,normal,12.678,4,cache/cinc2016/e00965.npz,0
e00966,training-e,normal,24.022,8,cache/cinc2016/e00966.npz,1
e00967,training-e,abnormal,9.1255,2,cache/cinc2016/e00967.npz,2
e00968,training-e,normal,17.229,5,cache/cinc2016/e00968.npz,1
e00969,training-e,normal,19.32,6,cache/cinc2016/e00969.npz,2
e00970,training-e,normal,38.745,14,cache/cinc2016/e00970.npz,4
e00971,training-e,normal,33.599,12,cache/cinc2016/e00971.npz,0
e00972,training-e,normal,22.911,8,cache/cinc2016/e00972.npz,2
e00973,training-e,normal,41.585,15,cache/cinc2016/e00973.npz,1
e00974,training-e,normal,29.324,10,cache/cinc2016/e00974.npz,4
e00975,training-e,normal,16.314,5,cache/cinc2016/e00975.npz,3
e00976,training-e,normal,19.95,6,cache/cinc2016/e00976.npz,0
e00977,training-e,normal,26.749,9,cache/cinc2016/e00977.npz,0
e00978,training-e,normal,26.452,9,cache/cinc2016/e00978.npz,1
e00979,training-e,normal,39.214,14,cache/cinc2016/e00979.npz,0
e00980,training-e,abnormal,16.951,5,cache/cinc2016/e00980.npz,2
e00981,training-e,normal,37.619,14,cache/cinc2016/e00981.npz,4
e00982,training-e,normal,26.057,9,cache/cinc2016/e00982.npz,4
e00983,training-e,normal,18.246,6,cache/cinc2016/e00983.npz,1
e00984,training-e,normal,8.629,2,cache/cinc2016/e00984.npz,3
e00985,training-e,normal,16.275,5,cache/cinc2016/e00985.npz,4
e00986,training-e,normal,15.827,5,cache/cinc2016/e00986.npz,3
e00987,training-e,normal,17.443,5,cache/cinc2016/e00987.npz,2
e00988,training-e,normal,11.575,3,cache/cinc2016/e00988.npz,1
e00989,training-e,normal,15.477,5,cache/cinc2016/e00989.npz,0
e00990,training-e,normal,17.706,6,cache/cinc2016/e00990.npz,2
e00991,training-e,normal,13.41,4,cache/cinc2016/e00991.npz,2
e00992,training-e,normal,48.211,18,cache/cinc2016/e00992.npz,1
e00993,training-e,normal,19.838,6,cache/cinc2016/e00993.npz,1
e00994,training-e,normal,8.272,2,cache/cinc2016/e00994.npz,0
e00995,training-e,normal,20.443,7,cache/cinc2016/e00995.npz,1
e00996,training-e,normal,12.915,4,cache/cinc2016/e00996.npz,1
e00997,training-e,normal,26.363,9,cache/cinc2016/e00997.npz,2
e00998,training-e,abnormal,21.711,7,cache/cinc2016/e00998.npz,2
e00999,training-e,normal,30.578,11,cache/cinc2016/e00999.npz,0
e01000,training-e,normal,17.769,6,cache/cinc2016/e01000.npz,1
e01001,training-e,normal,28.015,10,cache/cinc2016/e01001.npz,0
e01002,training-e,normal,19.16,6,cache/cinc2016/e01002.npz,3
e01003,training-e,normal,50.117,19,cache/cinc2016/e01003.npz,2
e01004,training-e,normal,15.107,5,cache/cinc2016/e01004.npz,2
e01005,training-e,normal,21.353,7,cache/cinc2016/e01005.npz,4
e01006,training-e,normal,20.381,7,cache/cinc2016/e01006.npz,4
e01007,training-e,normal,8.12,2,cache/cinc2016/e01007.npz,2
e01008,training-e,normal,37.235,13,cache/cinc2016/e01008.npz,4
e01009,training-e,normal,26.924,9,cache/cinc2016/e01009.npz,3
e01010,training-e,normal,93.731,36,cache/cinc2016/e01010.npz,0
e01011,training-e,normal,11.067,3,cache/cinc2016/e01011.npz,3
e01012,training-e,normal,10.61,3,cache/cinc2016/e01012.npz,4
e01013,training-e,abnormal,21.5485,7,cache/cinc2016/e01013.npz,1
e01014,training-e,normal,18.285,6,cache/cinc2016/e01014.npz,3
e01015,training-e,normal,41.481,15,cache/cinc2016/e01015.npz,4
e01016,training-e,abnormal,22.9415,8,cache/cinc2016/e01016.npz,4
e01017,training-e,normal,16.125,5,cache/cinc2016/e01017.npz,4
e01018,training-e,normal,28.014,10,cache/cinc2016/e01018.npz,4
e01019,training-e,normal,17.337,5,cache/cinc2016/e01019.npz,3
e01020,training-e,normal,21.262,7,cache/cinc2016/e01020.npz,2
e01021,training-e,normal,37.649,14,cache/cinc2016/e01021.npz,1
e01022,training-e,normal,9.628,2,cache/cinc2016/e01022.npz,3
e01023,training-e,normal,30.356,11,cache/cinc2016/e01023.npz,0
e01024,training-e,normal,24.425,8,cache/cinc2016/e01024.npz,3
e01025,training-e,normal,9.082,2,cache/cinc2016/e01025.npz,2
e01026,training-e,normal,22.023,7,cache/cinc2016/e01026.npz,1
e01027,training-e,normal,20.672,7,cache/cinc2016/e01027.npz,0
e01028,training-e,normal,19.512,6,cache/cinc2016/e01028.npz,4
e01029,training-e,normal,16.301,5,cache/cinc2016/e01029.npz,0
e01030,training-e,normal,50.229,19,cache/cinc2016/e01030.npz,2
e01031,training-e,normal,21.79,7,cache/cinc2016/e01031.npz,0
e01032,training-e,normal,16.457,5,cache/cinc2016/e01032.npz,3
e01033,training-e,normal,12.692,4,cache/cinc2016/e01033.npz,0
e01034,training-e,normal,22.646,8,cache/cinc2016/e01034.npz,3
e01035,training-e,normal,23.936,8,cache/cinc2016/e01035.npz,0
e01036,training-e,normal,46.606,17,cache/cinc2016/e01036.npz,0
e01037,training-e,normal,23.502,8,cache/cinc2016/e01037.npz,0
e01038,training-e,normal,22.154,7,cache/cinc2016/e01038.npz,1
e01039,training-e,normal,40.869,15,cache/cinc2016/e01039.npz,2
e01040,training-e,normal,21.158,7,cache/cinc2016/e01040.npz,4
e01041,training-e,normal,29.219,10,cache/cinc2016/e01041.npz,2
e01042,training-e,normal,29.858,10,cache/cinc2016/e01042.npz,4
e01043,training-e,normal,26.897,9,cache/cinc2016/e01043.npz,0
e01044,training-e,normal,12.112,3,cache/cinc2016/e01044.npz,3
e01045,training-e,normal,45.175,17,cache/cinc2016/e01045.npz,4
e01046,training-e,normal,13.665,4,cache/cinc2016/e01046.npz,4
e01047,training-e,normal,12.219,3,cache/cinc2016/e01047.npz,0
e01048,training-e,normal,28.636,10,cache/cinc2016/e01048.npz,0
e01049,training-e,normal,28.55,10,cache/cinc2016/e01049.npz,3
e01050,training-e,normal,22.817,8,cache/cinc2016/e01050.npz,4
e01051,training-e,normal,23.01,8,cache/cinc2016/e01051.npz,1
e01052,training-e,normal,25.759,9,cache/cinc2016/e01052.npz,4
e01053,training-e,normal,32.603,12,cache/cinc2016/e01053.npz,3
e01054,training-e,normal,24.911,8,cache/cinc2016/e01054.npz,3
e01055,training-e,abnormal,13.7465,4,cache/cinc2016/e01055.npz,4
e01056,training-e,normal,17.617,6,cache/cinc2016/e01056.npz,1
e01057,training-e,normal,14.951,4,cache/cinc2016/e01057.npz,4
e01058,training-e,normal,27.997,10,cache/cinc2016/e01058.npz,3
e01059,training-e,normal,22.254,7,cache/cinc2016/e01059.npz,1
e01060,training-e,normal,19.313,6,cache/cinc2016/e01060.npz,4
e01061,training-e,normal,32.522,12,cache/cinc2016/e01061.npz,3
e01062,training-e,abnormal,8.847,2,cache/cinc2016/e01062.npz,3
e01063,training-e,normal,24.63,8,cache/cinc2016/e01063.npz,4
e01064,training-e,normal,36.8,13,cache/cinc2016/e01064.npz,0
e01065,training-e,normal,37.622,14,cache/cinc2016/e01065.npz,1
e01066,training-e,normal,19.815,6,cache/cinc2016/e01066.npz,4
e01067,training-e,normal,21.975,7,cache/cinc2016/e01067.npz,2
e01068,training-e,normal,11.769,3,cache/cinc2016/e01068.npz,4
e01069,training-e,normal,11.056,3,cache/cinc2016/e01069.npz,1
e01070,training-e,normal,26.084,9,cache/cinc2016/e01070.npz,1
e01071,training-e,normal,21.683,7,cache/cinc2016/e01071.npz,3
e01072,training-e,normal,27.355,9,cache/cinc2016/e01072.npz,3
e01073,training-e,normal,15.665,5,cache/cinc2016/e01073.npz,4
e01074,training-e,normal,15.267,5,cache/cinc2016/e01074.npz,1
e01075,training-e,normal,9.226,2,cache/cinc2016/e01075.npz,2
e01076,training-e,normal,45.133,17,cache/cinc2016/e01076.npz,3
e01077,training-e,normal,46.002,17,cache/cinc2016/e01077.npz,0
e01078,training-e,normal,36.554,13,cache/cinc2016/e01078.npz,2
e01079,training-e,normal,19.461,6,cache/cinc2016/e01079.npz,0
e01080,training-e,normal,19.901,6,cache/cinc2016/e01080.npz,0
e01081,training-e,normal,18.798,6,cache/cinc2016/e01081.npz,1
e01082,training-e,normal,26.097,9,cache/cinc2016/e01082.npz,2
e01083,training-e,normal,38.236,14,cache/cinc2016/e01083.npz,0
e01084,training-e,abnormal,12.98,4,cache/cinc2016/e01084.npz,2
e01085,training-e,normal,23.956,8,cache/cinc2016/e01085.npz,1
e01086,training-e,normal,23.616,8,cache/cinc2016/e01086.npz,3
e01087,training-e,normal,20.658,7,cache/cinc2016/e01087.npz,4
e01088,training-e,normal,10.472,3,cache/cinc2016/e01088.npz,4
e01089,training-e,normal,20.5,7,cache/cinc2016/e01089.npz,0
e01090,training-e,normal,50.223,19,cache/cinc2016/e01090.npz,4
e01091,training-e,normal,20.651,7,cache/cinc2016/e01091.npz,4
e01092,training-e,normal,25.956,9,cache/cinc2016/e01092.npz,1
e01093,training-e,normal,24.168,8,cache/cinc2016/e01093.npz,1
e01094,training-e,normal,29.617,10,cache/cinc2016/e01094.npz,3
e01095,training-e,normal,27.837,10,cache/cinc2016/e01095.npz,2
e01096,training-e,normal,15.11,5,cache/cinc2016/e01096.npz,3
e01097,training-e,abnormal,20.5965,7,cache/cinc2016/e01097.npz,3
e01098,training-e,normal,11.666,3,cache/cinc2016/e01098.npz,4
e01099,training-e,normal,22.852,8,cache/cinc2016/e01099.npz,0
e01100,training-e,normal,17.212,5,cache/cinc2016/e01100.npz,1
e01101,training-e,normal,21.159,7,cache/cinc2016/e01101.npz,3
e01102,training-e,normal,18.355,6,cache/cinc2016/e01102.npz,1
e01103,training-e,normal,14.97,4,cache/cinc2016/e01103.npz,3
e01104,training-e,normal,15.591,5,cache/cinc2016/e01104.npz,1
e01105,training-e,abnormal,17.7865,6,cache/cinc2016/e01105.npz,4
e01106,training-e,normal,40.781,15,cache/cinc2016/e01106.npz,0
e01107,training-e,normal,15.019,5,cache/cinc2016/e01107.npz,3
e01108,training-e,normal,18.769,6,cache/cinc2016/e01108.npz,1
e01109,training-e,normal,31.81,11,cache/cinc2016/e01109.npz,3
e01110,training-e,normal,18.242,6,cache/cinc2016/e01110.npz,0
e01111,training-e,normal,30.617,11,cache/cinc2016/e01111.npz,0
e01112,training-e,normal,26.071,9,cache/cinc2016/e01112.npz,2
e01113,training-e,normal,18.848,6,cache/cinc2016/e01113.npz,1
e01114,training-e,normal,19.682,6,cache/cinc2016/e01114.npz,1
e01115,training-e,abnormal,16.6955,5,cache/cinc2016/e01115.npz,4
e01116,training-e,normal,17.854,6,cache/cinc2016/e01116.npz,4
e01117,training-e,normal,51.073,19,cache/cinc2016/e01117.npz,4
e01118,training-e,normal,18.386,6,cache/cinc2016/e01118.npz,0
e01119,training-e,normal,13.789,4,cache/cinc2016/e01119.npz,2
e01120,training-e,normal,18.659,6,cache/cinc2016/e01120.npz,3
e01121,training-e,normal,38.883,14,cache/cinc2016/e01121.npz,0
e01122,training-e,normal,11.333,3,cache/cinc2016/e01122.npz,0
e01123,training-e,normal,13.133,4,cache/cinc2016/e01123.npz,3
e01124,training-e,normal,19.877,6,cache/cinc2016/e01124.npz,3
e01125,training-e,normal,11.715,3,cache/cinc2016/e01125.npz,1
e01126,training-e,normal,22.072,7,cache/cinc2016/e01126.npz,1
e01127,training-e,normal,14.532,4,cache/cinc2016/e01127.npz,1
e01128,training-e,normal,28.177,10,cache/cinc2016/e01128.npz,2
e01129,training-e,normal,20.525,7,cache/cinc2016/e01129.npz,2
e01130,training-e,normal,22.076,7,cache/cinc2016/e01130.npz,3
e01131,training-e,normal,16.219,5,cache/cinc2016/e01131.npz,4
e01132,training-e,normal,19.94,6,cache/cinc2016/e01132.npz,3
e01133,training-e,normal,19.809,6,cache/cinc2016/e01133.npz,4
e01134,training-e,normal,10.468,3,cache/cinc2016/e01134.npz,3
e01135,training-e,normal,24.969,8,cache/cinc2016/e01135.npz,2
e01136,training-e,normal,15.558,5,cache/cinc2016/e01136.npz,2
e01137,training-e,normal,10.639,3,cache/cinc2016/e01137.npz,0
e01138,training-e,normal,25.232,9,cache/cinc2016/e01138.npz,1
e01139,training-e,normal,37.387,13,cache/cinc2016/e01139.npz,4
e01140,training-e,normal,30.663,11,cache/cinc2016/e01140.npz,0
e01141,training-e,normal,17.606,6,cache/cinc2016/e01141.npz,3
e01142,training-e,normal,10.376,3,cache/cinc2016/e01142.npz,4
e01143,training-e,normal,25.304,9,cache/cinc2016/e01143.npz,3
e01144,training-e,normal,14.057,4,cache/cinc2016/e01144.npz,2
e01145,training-e,normal,22.615,8,cache/cinc2016/e01145.npz,4
e01146,training-e,normal,12.585,4,cache/cinc2016/e01146.npz,3
e01147,training-e,normal,14.071,4,cache/cinc2016/e01147.npz,2
e01148,training-e,normal,29.382,10,cache/cinc2016/e01148.npz,2
e01149,training-e,normal,28.105,10,cache/cinc2016/e01149.npz,4
e01150,training-e,normal,19.9,6,cache/cinc2016/e01150.npz,1
e01151,training-e,normal,18.654,6,cache/cinc2016/e01151.npz,2
e01152,training-e,normal,32.718,12,cache/cinc2016/e01152.npz,1
e01153,training-e,normal,30.161,11,cache/cinc2016/e01153.npz,2
e01154,training-e,normal,25.931,9,cache/cinc2016/e01154.npz,0
e01155,training-e,normal,27.415,9,cache/cinc2016/e01155.npz,4
e01156,training-e,normal,18.66,6,cache/cinc2016/e01156.npz,1
e01157,training-e,normal,22.492,7,cache/cinc2016/e01157.npz,2
e01158,training-e,normal,26.045,9,cache/cinc2016/e01158.npz,3
e01159,training-e,normal,20.739,7,cache/cinc2016/e01159.npz,2
e01160,training-e,abnormal,23.174,8,cache/cinc2016/e01160.npz,4
e01161,training-e,normal,17.141,5,cache/cinc2016/e01161.npz,0
e01162,training-e,normal,33.131,12,cache/cinc2016/e01162.npz,3
e01163,training-e,normal,64.917,24,cache/cinc2016/e01163.npz,1
e01164,training-e,normal,24.47,8,cache/cinc2016/e01164.npz,4
e01165,training-e,normal,18.313,6,cache/cinc2016/e01165.npz,3
e01166,training-e,normal,27.789,10,cache/cinc2016/e01166.npz,2
e01167,training-e,normal,11.68,3,cache/cinc2016/e01167.npz,2
e01168,training-e,normal,16.579,5,cache/cinc2016/e01168.npz,3
e01169,training-e,normal,18.797,6,cache/cinc2016/e01169.npz,1
e01170,training-e,normal,25.741,9,cache/cinc2016/e01170.npz,0
e01171,training-e,normal,17.16,5,cache/cinc2016/e01171.npz,4
e01172,training-e,normal,25.464,9,cache/cinc2016/e01172.npz,0
e01173,training-e,normal,33.71,12,cache/cinc2016/e01173.npz,1
e01174,training-e,normal,18.097,6,cache/cinc2016/e01174.npz,2
e01175,training-e,normal,9.776,2,cache/cinc2016/e01175.npz,1
e01176,training-e,normal,21.889,7,cache/cinc2016/e01176.npz,4
e01177,training-e,normal,26.243,9,cache/cinc2016/e01177.npz,4
e01178,training-e,normal,16.445,5,cache/cinc2016/e01178.npz,0
e01179,training-e,normal,21.081,7,cache/cinc2016/e01179.npz,0
e01180,training-e,normal,28.057,10,cache/cinc2016/e01180.npz,1
e01181,training-e,normal,65.727,25,cache/cinc2016/e01181.npz,4
e01182,training-e,normal,32.978,12,cache/cinc2016/e01182.npz,4
e01183,training-e,normal,21.72,7,cache/cinc2016/e01183.npz,1
e01184,training-e,normal,8.914,2,cache/cinc2016/e01184.npz,4
e01185,training-e,normal,44.907,16,cache/cinc2016/e01185.npz,1
e01186,training-e,normal,22.52,8,cache/cinc2016/e01186.npz,1
e01187,training-e,normal,20.647,7,cache/cinc2016/e01187.npz,2
e01188,training-e,normal,13.666,4,cache/cinc2016/e01188.npz,0
e01189,training-e,normal,12.839,4,cache/cinc2016/e01189.npz,0
e01190,training-e,normal,16.061,5,cache/cinc2016/e01190.npz,3
e01191,training-e,normal,12.226,3,cache/cinc2016/e01191.npz,4
e01192,training-e,normal,30.225,11,cache/cinc2016/e01192.npz,0
e01193,training-e,normal,21.109,7,cache/cinc2016/e01193.npz,3
e01194,training-e,normal,16.578,5,cache/cinc2016/e01194.npz,1
e01195,training-e,normal,27.083,9,cache/cinc2016/e01195.npz,3
e01196,training-e,normal,21.028,7,cache/cinc2016/e01196.npz,1
e01197,training-e,normal,33.214,12,cache/cinc2016/e01197.npz,3
e01198,training-e,normal,13.709,4,cache/cinc2016/e01198.npz,3
e01199,training-e,normal,12.524,4,cache/cinc2016/e01199.npz,0
e01200,training-e,normal,27.263,9,cache/cinc2016/e01200.npz,4
e01201,training-e,normal,13.938,4,cache/cinc2016/e01201.npz,4
e01202,training-e,normal,47.008,17,cache/cinc2016/e01202.npz,2
e01203,training-e,normal,17.194,5,cache/cinc2016/e01203.npz,0
e01204,training-e,normal,20.038,7,cache/cinc2016/e01204.npz,1
e01205,training-e,abnormal,23.7775,8,cache/cinc2016/e01205.npz,0
e01206,training-e,normal,24.684,8,cache/cinc2016/e01206.npz,2
e01207,training-e,normal,18.61,6,cache/cinc2016/e01207.npz,0
e01208,training-e,normal,30.638,11,cache/cinc2016/e01208.npz,1
e01209,training-e,normal,19.14,6,cache/cinc2016/e01209.npz,3
e01210,training-e,normal,32.838,12,cache/cinc2016/e01210.npz,2
e01211,training-e,normal,28.726,10,cache/cinc2016/e01211.npz,3
e01212,training-e,normal,14.899,4,cache/cinc2016/e01212.npz,1
e01213,training-e,normal,52.278,19,cache/cinc2016/e01213.npz,2
e01214,training-e,normal,10.731,3,cache/cinc2016/e01214.npz,1
e01215,training-e,abnormal,21.316,7,cache/cinc2016/e01215.npz,1
e01216,training-e,normal,33.191,12,cache/cinc2016/e01216.npz,3
e01217,training-e,normal,28.57,10,cache/cinc2016/e01217.npz,3
e01218,training-e,abnormal,22.2215,7,cache/cinc2016/e01218.npz,1
e01219,training-e,normal,13.699,4,cache/cinc2016/e01219.npz,1
e01220,training-e,normal,10.146,3,cache/cinc2016/e01220.npz,2
e01221,training-e,normal,27.882,10,cache/cinc2016/e01221.npz,4
e01222,training-e,normal,23.068,8,cache/cinc2016/e01222.npz,0
e01223,training-e,normal,11.907,3,cache/cinc2016/e01223.npz,2
e01224,training-e,normal,40.279,15,cache/cinc2016/e01224.npz,1
e01225,training-e,normal,19.054,6,cache/cinc2016/e01225.npz,1
e01226,training-e,abnormal,9.706,2,cache/cinc2016/e01226.npz,3
e01227,training-e,normal,20.561,7,cache/cinc2016/e01227.npz,4
e01228,training-e,normal,12.338,3,cache/cinc2016/e01228.npz,1
e01229,training-e,normal,21.726,7,cache/cinc2016/e01229.npz,0
e01230,training-e,normal,21.043,7,cache/cinc2016/e01230.npz,3
e01231,training-e,normal,19.932,6,cache/cinc2016/e01231.npz,3
e01232,training-e,normal,21.617,7,cache/cinc2016/e01232.npz,3
e01233,training-e,normal,26.749,9,cache/cinc2016/e01233.npz,4
e01234,training-e,normal,20.079,7,cache/cinc2016/e01234.npz,0
e01235,training-e,normal,26.531,9,cache/cinc2016/e01235.npz,2
e01236,training-e,normal,25.632,9,cache/cinc2016/e01236.npz,3
e01237,training-e,abnormal,43.81,16,cache/cinc2016/e01237.npz,0
e01238,training-e,normal,16.195,5,cache/cinc2016/e01238.npz,2
e01239,training-e,normal,24.186,8,cache/cinc2016/e01239.npz,3
e01240,training-e,normal,19.272,6,cache/cinc2016/e01240.npz,2
e01241,training-e,normal,31.198,11,cache/cinc2016/e01241.npz,0
e01242,training-e,normal,15.248,5,cache/cinc2016/e01242.npz,3
e01243,training-e,normal,21.511,7,cache/cinc2016/e01243.npz,1
e01244,training-e,normal,20.729,7,cache/cinc2016/e01244.npz,2
e01245,training-e,normal,24.303,8,cache/cinc2016/e01245.npz,4
e01246,training-e,abnormal,19.3655,6,cache/cinc2016/e01246.npz,4
e01247,training-e,normal,29.441,10,cache/cinc2016/e01247.npz,4
e01248,training-e,normal,25.852,9,cache/cinc2016/e01248.npz,4
e01249,training-e,normal,24.912,8,cache/cinc2016/e01249.npz,4
e01250,training-e,normal,16.502,5,cache/cinc2016/e01250.npz,3
e01251,training-e,normal,14.445,4,cache/cinc2016/e01251.npz,4
e01252,training-e,normal,26.847,9,cache/cinc2016/e01252.npz,2
e01253,training-e,normal,16.772,5,cache/cinc2016/e01253.npz,0
e01254,training-e,normal,19.668,6,cache/cinc2016/e01254.npz,1
e01255,training-e,normal,19.758,6,cache/cinc2016/e01255.npz,2
e01256,training-e,abnormal,16.3005,5,cache/cinc2016/e01256.npz,1
e01257,training-e,normal,27.237,9,cache/cinc2016/e01257.npz,4
e01258,training-e,normal,25.262,9,cache/cinc2016/e01258.npz,1
e01259,training-e,normal,18.906,6,cache/cinc2016/e01259.npz,3
e01260,training-e,normal,16.457,5,cache/cinc2016/e01260.npz,0
e01261,training-e,normal,10.735,3,cache/cinc2016/e01261.npz,0
e01262,training-e,normal,18.42,6,cache/cinc2016/e01262.npz,1
e01263,training-e,abnormal,23.499,8,cache/cinc2016/e01263.npz,4
e01264,training-e,normal,27.69,10,cache/cinc2016/e01264.npz,0
e01265,training-e,normal,27.197,9,cache/cinc2016/e01265.npz,3
e01266,training-e,normal,35.325,13,cache/cinc2016/e01266.npz,0
e01267,training-e,normal,15.009,5,cache/cinc2016/e01267.npz,4
e01268,training-e,normal,14.895,4,cache/cinc2016/e01268.npz,3
e01269,training-e,normal,9.288,2,cache/cinc2016/e01269.npz,2
e01270,training-e,normal,36.32,13,cache/cinc2016/e01270.npz,1
e01271,training-e,normal,10.839,3,cache/cinc2016/e01271.npz,4
e01272,training-e,abnormal,18.776,6,cache/cinc2016/e01272.npz,4
e01273,training-e,normal,39.583,14,cache/cinc2016/e01273.npz,3
e01274,training-e,normal,27.686,10,cache/cinc2016/e01274.npz,3
e01275,training-e,normal,46.119,17,cache/cinc2016/e01275.npz,1
e01276,training-e,normal,22.181,7,cache/cinc2016/e01276.npz,4
e01277,training-e,normal,10.803,3,cache/cinc2016/e01277.npz,1
e01278,training-e,normal,11.558,3,cache/cinc2016/e01278.npz,0
e01279,training-e,normal,13.266,4,cache/cinc2016/e01279.npz,0
e01280,training-e,abnormal,21.497,7,cache/cinc2016/e01280.npz,4
e01281,training-e,normal,27.94,10,cache/cinc2016/e01281.npz,4
e01282,training-e,normal,26.813,9,cache/cinc2016/e01282.npz,0
e01283,training-e,normal,15.864,5,cache/cinc2016/e01283.npz,2
e01284,training-e,abnormal,17.16,5,cache/cinc2016/e01284.npz,0
e01285,training-e,normal,65.503,25,cache/cinc2016/e01285.npz,3
e01286,training-e,normal,14.533,4,cache/cinc2016/e01286.npz,2
e01287,training-e,normal,27.296,9,cache/cinc2016/e01287.npz,4
e01288,training-e,normal,37.425,13,cache/cinc2016/e01288.npz,3
e01289,training-e,abnormal,9.7295,2,cache/cinc2016/e01289.npz,1
e01290,training-e,normal,28.489,10,cache/cinc2016/e01290.npz,3
e01291,training-e,normal,20.792,7,cache/cinc2016/e01291.npz,3
e01292,training-e,normal,27.08,9,cache/cinc2016/e01292.npz,4
e01293,training-e,normal,25.084,9,cache/cinc2016/e01293.npz,1
e01294,training-e,normal,21.768,7,cache/cinc2016/e01294.npz,0
e01295,training-e,normal,18.642,6,cache/cinc2016/e01295.npz,0
e01296,training-e,normal,29.679,10,cache/cinc2016/e01296.npz,3
e01297,training-e,normal,21.371,7,cache/cinc2016/e01297.npz,4
e01298,training-e,abnormal,22.036,7,cache/cinc2016/e01298.npz,3
e01299,training-e,abnormal,22.477,7,cache/cinc2016/e01299.npz,4
e01300,training-e,normal,18.452,6,cache/cinc2016/e01300.npz,2
e01301,training-e,normal,22.887,8,cache/cinc2016/e01301.npz,4
e01302,training-e,normal,26.827,9,cache/cinc2016/e01302.npz,2
e01303,training-e,normal,47.28,17,cache/cinc2016/e01303.npz,4
e01304,training-e,normal,18.434,6,cache/cinc2016/e01304.npz,3
e01305,training-e,normal,24.6,8,cache/cinc2016/e01305.npz,1
e01306,training-e,normal,16.443,5,cache/cinc2016/e01306.npz,1
e01307,training-e,abnormal,20.039,7,cache/cinc2016/e01307.npz,1
e01308,training-e,normal,17.083,5,cache/cinc2016/e01308.npz,3
e01309,training-e,normal,18.87,6,cache/cinc2016/e01309.npz,2
e01310,training-e,normal,14.992,4,cache/cinc2016/e01310.npz,0
e01311,training-e,normal,17.98,6,cache/cinc2016/e01311.npz,0
e01312,training-e,normal,10.923,3,cache/cinc2016/e01312.npz,1
e01313,training-e,normal,101.673,39,cache/cinc2016/e01313.npz,4
e01314,training-e,normal,47.844,18,cache/cinc2016/e01314.npz,2
e01315,training-e,normal,19.429,6,cache/cinc2016/e01315.npz,2
e01316,training-e,normal,18.795,6,cache/cinc2016/e01316.npz,4
e01317,training-e,normal,17.365,5,cache/cinc2016/e01317.npz,0
e01318,training-e,normal,15.029,5,cache/cinc2016/e01318.npz,1
e01319,training-e,normal,37.925,14,cache/cinc2016/e01319.npz,2
e01320,training-e,normal,10.561,3,cache/cinc2016/e01320.npz,1
e01321,training-e,normal,25.133,9,cache/cinc2016/e01321.npz,2
e01322,training-e,normal,36.424,13,cache/cinc2016/e01322.npz,4
e01323,training-e,normal,12.283,3,cache/cinc2016/e01323.npz,2
e01324,training-e,normal,9.32,2,cache/cinc2016/e01324.npz,2
e01325,training-e,normal,22.579,8,cache/cinc2016/e01325.npz,3
e01326,training-e,normal,18.015,6,cache/cinc2016/e01326.npz,0
e01327,training-e,normal,16.949,5,cache/cinc2016/e01327.npz,2
e01328,training-e,normal,25.268,9,cache/cinc2016/e01328.npz,4
e01329,training-e,normal,18.014,6,cache/cinc2016/e01329.npz,0
e01330,training-e,normal,14.798,4,cache/cinc2016/e01330.npz,2
e01331,training-e,normal,21.223,7,cache/cinc2016/e01331.npz,1
e01332,training-e,normal,13.881,4,cache/cinc2016/e01332.npz,4
e01333,training-e,normal,19.471,6,cache/cinc2016/e01333.npz,2
e01334,training-e,normal,18.725,6,cache/cinc2016/e01334.npz,3
e01335,training-e,normal,10.315,3,cache/cinc2016/e01335.npz,3
e01336,training-e,normal,28.015,10,cache/cinc2016/e01336.npz,4
e01337,training-e,normal,19.562,6,cache/cinc2016/e01337.npz,1
e01338,training-e,normal,23.936,8,cache/cinc2016/e01338.npz,2
e01339,training-e,normal,19.459,6,cache/cinc2016/e01339.npz,4
e01340,training-e,normal,43.014,16,cache/cinc2016/e01340.npz,3
e01341,training-e,abnormal,20.968,7,cache/cinc2016/e01341.npz,2
e01342,training-e,normal,30.069,11,cache/cinc2016/e01342.npz,2
e01343,training-e,normal,39.712,14,cache/cinc2016/e01343.npz,4
e01344,training-e,normal,13.857,4,cache/cinc2016/e01344.npz,2
e01345,training-e,normal,17.253,5,cache/cinc2016/e01345.npz,1
e01346,training-e,normal,15.762,5,cache/cinc2016/e01346.npz,0
e01347,training-e,normal,17.355,5,cache/cinc2016/e01347.npz,4
e01348,training-e,normal,40.287,15,cache/cinc2016/e01348.npz,1
e01349,training-e,normal,15.523,5,cache/cinc2016/e01349.npz,2
e01350,training-e,normal,21.88,7,cache/cinc2016/e01350.npz,1
e01351,training-e,abnormal,18.646,6,cache/cinc2016/e01351.npz,2
e01352,training-e,normal,22.819,8,cache/cinc2016/e01352.npz,3
e01353,training-e,normal,29.626,10,cache/cinc2016/e01353.npz,0
e01354,training-e,normal,30.607,11,cache/cinc2016/e01354.npz,3
e01355,training-e,normal,98.992,38,cache/cinc2016/e01355.npz,3
e01356,training-e,normal,16.265,5,cache/cinc2016/e01356.npz,4
e01357,training-e,normal,13.431,4,cache/cinc2016/e01357.npz,0
e01358,training-e,normal,16.681,5,cache/cinc2016/e01358.npz,1
e01359,training-e,normal,26.5,9,cache/cinc2016/e01359.npz,4
e01360,training-e,normal,23.817,8,cache/cinc2016/e01360.npz,0
e01361,training-e,normal,8.893,2,cache/cinc2016/e01361.npz,3
e01362,training-e,normal,38.77,14,cache/cinc2016/e01362.npz,3
e01363,training-e,normal,16.949,5,cache/cinc2016/e01363.npz,3
e01364,training-e,normal,35.318,13,cache/cinc2016/e01364.npz,2
e01365,training-e,abnormal,23.7775,8,cache/cinc2016/e01365.npz,4
e01366,training-e,normal,15.59,5,cache/cinc2016/e01366.npz,2
e01367,training-e,abnormal,23.29,8,cache/cinc2016/e01367.npz,1
e01368,training-e,normal,32.064,11,cache/cinc2016/e01368.npz,2
e01369,training-e,normal,23.766,8,cache/cinc2016/e01369.npz,4
e01370,training-e,normal,34.758,12,cache/cinc2016/e01370.npz,4
e01371,training-e,normal,16.925,5,cache/cinc2016/e01371.npz,2
e01372,training-e,normal,35.645,13,cache/cinc2016/e01372.npz,0
e01373,training-e,normal,14.198,4,cache/cinc2016/e01373.npz,3
e01374,training-e,abnormal,21.1535,7,cache/cinc2016/e01374.npz,0
e01375,training-e,abnormal,21.2465,7,cache/cinc2016/e01375.npz,4
e01376,training-e,abnormal,23.5685,8,cache/cinc2016/e01376.npz,4
e01377,training-e,normal,28.965,10,cache/cinc2016/e01377.npz,2
e01378,training-e,normal,16.847,5,cache/cinc2016/e01378.npz,3
e01379,training-e,normal,20.734,7,cache/cinc2016/e01379.npz,0
e01380,training-e,normal,40.257,15,cache/cinc2016/e01380.npz,0
e01381,training-e,normal,10.543,3,cache/cinc2016/e01381.npz,1
e01382,training-e,abnormal,16.672,5,cache/cinc2016/e01382.npz,0
e01383,training-e,abnormal,22.4075,7,cache/cinc2016/e01383.npz,3
e01384,training-e,normal,16.632,5,cache/cinc2016/e01384.npz,4
e01385,training-e,normal,28.87,10,cache/cinc2016/e01385.npz,0
e01386,training-e,normal,18.122,6,cache/cinc2016/e01386.npz,1
e01387,training-e,normal,15.834,5,cache/cinc2016/e01387.npz,3
e01388,training-e,normal,28.611,10,cache/cinc2016/e01388.npz,2
e01389,training-e,normal,23.051,8,cache/cinc2016/e01389.npz,4
e01390,training-e,normal,27.278,9,cache/cinc2016/e01390.npz,2
e01391,training-e,normal,16.815,5,cache/cinc2016/e01391.npz,2
e01392,training-e,normal,25.875,9,cache/cinc2016/e01392.npz,2
e01393,training-e,normal,17.648,6,cache/cinc2016/e01393.npz,1
e01394,training-e,normal,13.358,4,cache/cinc2016/e01394.npz,3
e01395,training-e,normal,22.39,7,cache/cinc2016/e01395.npz,3
e01396,training-e,normal,36.805,13,cache/cinc2016/e01396.npz,4
e01397,training-e,normal,20.292,7,cache/cinc2016/e01397.npz,3
e01398,training-e,normal,20.367,7,cache/cinc2016/e01398.npz,3
e01399,training-e,abnormal,23.1295,8,cache/cinc2016/e01399.npz,3
e01400,training-e,normal,24.074,8,cache/cinc2016/e01400.npz,1
e01401,training-e,normal,32.769,12,cache/cinc2016/e01401.npz,1
e01402,training-e,normal,14.717,4,cache/cinc2016/e01402.npz,3
e01403,training-e,normal,24.289,8,cache/cinc2016/e01403.npz,2
e01404,training-e,normal,26.177,9,cache/cinc2016/e01404.npz,0
e01405,training-e,normal,26.804,9,cache/cinc2016/e01405.npz,2
e01406,training-e,normal,19.735,6,cache/cinc2016/e01406.npz,4
e01407,training-e,normal,25.242,9,cache/cinc2016/e01407.npz,3
e01408,training-e,normal,16.403,5,cache/cinc2016/e01408.npz,2
e01409,training-e,normal,13.646,4,cache/cinc2016/e01409.npz,4
e01410,training-e,normal,19.266,6,cache/cinc2016/e01410.npz,3
e01411,training-e,normal,20.027,7,cache/cinc2016/e01411.npz,1
e01412,training-e,normal,29.016,10,cache/cinc2016/e01412.npz,3
e01413,training-e,normal,38.094,14,cache/cinc2016/e01413.npz,2
e01414,training-e,normal,24.259,8,cache/cinc2016/e01414.npz,3
e01415,training-e,normal,18.922,6,cache/cinc2016/e01415.npz,3
e01416,training-e,normal,22.651,8,cache/cinc2016/e01416.npz,4
e01417,training-e,normal,17.874,6,cache/cinc2016/e01417.npz,3
e01418,training-e,normal,36.853,13,cache/cinc2016/e01418.npz,2
e01419,training-e,normal,25.547,9,cache/cinc2016/e01419.npz,1
e01420,training-e,normal,12.946,4,cache/cinc2016/e01420.npz,2
e01421,training-e,abnormal,10.31,3,cache/cinc2016/e01421.npz,0
e01422,training-e,normal,17.099,5,cache/cinc2016/e01422.npz,3
e01423,training-e,normal,22.429,7,cache/cinc2016/e01423.npz,0
e01424,training-e,normal,23.125,8,cache/cinc2016/e01424.npz,1
e01425,training-e,normal,23.891,8,cache/cinc2016/e01425.npz,1
e01426,training-e,normal,32.767,12,cache/cinc2016/e01426.npz,1
e01427,training-e,normal,35.068,13,cache/cinc2016/e01427.npz,0
e01428,training-e,normal,37.443,13,cache/cinc2016/e01428.npz,3
e01429,training-e,normal,26.754,9,cache/cinc2016/e01429.npz,0
e01430,training-e,normal,31.993,11,cache/cinc2016/e01430.npz,0
e01431,training-e,normal,21.613,7,cache/cinc2016/e01431.npz,0
e01432,training-e,normal,24.362,8,cache/cinc2016/e01432.npz,3
e01433,training-e,normal,19.154,6,cache/cinc2016/e01433.npz,4
e01434,training-e,normal,10.684,3,cache/cinc2016/e01434.npz,2
e01435,training-e,normal,17.591,6,cache/cinc2016/e01435.npz,2
e01436,training-e,normal,27.208,9,cache/cinc2016/e01436.npz,0
e01437,training-e,normal,26.031,9,cache/cinc2016/e01437.npz,3
e01438,training-e,normal,24.87,8,cache/cinc2016/e01438.npz,1
e01439,training-e,normal,27.532,10,cache/cinc2016/e01439.npz,4
e01440,training-e,normal,11.443,3,cache/cinc2016/e01440.npz,0
e01441,training-e,normal,23.493,8,cache/cinc2016/e01441.npz,2
e01442,training-e,normal,20.118,7,cache/cinc2016/e01442.npz,3
e01443,training-e,normal,24.088,8,cache/cinc2016/e01443.npz,1
e01444,training-e,normal,17.609,6,cache/cinc2016/e01444.npz,0
e01445,training-e,normal,25.449,9,cache/cinc2016/e01445.npz,0
e01446,training-e,normal,8.991,2,cache/cinc2016/e01446.npz,4
e01447,training-e,normal,11.556,3,cache/cinc2016/e01447.npz,3
e01448,training-e,normal,17.736,6,cache/cinc2016/e01448.npz,2
e01449,training-e,normal,93.76,36,cache/cinc2016/e01449.npz,0
e01450,training-e,normal,21.534,7,cache/cinc2016/e01450.npz,1
e01451,training-e,normal,17.232,5,cache/cinc2016/e01451.npz,1
e01452,training-e,normal,10.388,3,cache/cinc2016/e01452.npz,0
e01453,training-e,normal,10.314,3,cache/cinc2016/e01453.npz,0
e01454,training-e,normal,19.197,6,cache/cinc2016/e01454.npz,0
e01455,training-e,normal,17.479,5,cache/cinc2016/e01455.npz,3
e01456,training-e,normal,16.922,5,cache/cinc2016/e01456.npz,3
e01457,training-e,abnormal,8.127,2,cache/cinc2016/e01457.npz,0
e01458,training-e,normal,21.976,7,cache/cinc2016/e01458.npz,1
e01459,training-e,normal,19.2,6,cache/cinc2016/e01459.npz,3
e01460,training-e,normal,11.51,3,cache/cinc2016/e01460.npz,3
e01461,training-e,abnormal,20.643,7,cache/cinc2016/e01461.npz,1
e01462,training-e,normal,30.987,11,cache/cinc2016/e01462.npz,3
e01463,training-e,normal,9.008,2,cache/cinc2016/e01463.npz,2
e01464,training-e,normal,13.907,4,cache/cinc2016/e01464.npz,2
e01465,training-e,normal,27.026,9,cache/cinc2016/e01465.npz,2
e01466,training-e,normal,22.8,8,cache/cinc2016/e01466.npz,3
e01467,training-e,normal,21.872,7,cache/cinc2016/e01467.npz,4
e01468,training-e,normal,16.206,5,cache/cinc2016/e01468.npz,0
e01469,training-e,normal,28.486,10,cache/cinc2016/e01469.npz,0
e01470,training-e,normal,21.152,7,cache/cinc2016/e01470.npz,1
e01471,training-e,normal,16.087,5,cache/cinc2016/e01471.npz,2
e01472,training-e,normal,27.133,9,cache/cinc2016/e01472.npz,1
e01473,training-e,normal,16.607,5,cache/cinc2016/e01473.npz,0
e01474,training-e,normal,17.653,6,cache/cinc2016/e01474.npz,3
e01475,training-e,normal,17.233,5,cache/cinc2016/e01475.npz,1
e01476,training-e,normal,17.453,5,cache/cinc2016/e01476.npz,2
e01477,training-e,normal,34.389,12,cache/cinc2016/e01477.npz,2
e01478,training-e,normal,23.881,8,cache/cinc2016/e01478.npz,0
e01479,training-e,abnormal,16.765,5,cache/cinc2016/e01479.npz,1
e01480,training-e,normal,25.533,9,cache/cinc2016/e01480.npz,0
e01481,training-e,normal,15.523,5,cache/cinc2016/e01481.npz,4
e01482,training-e,normal,35.998,13,cache/cinc2016/e01482.npz,1
e01483,training-e,abnormal,11.1225,3,cache/cinc2016/e01483.npz,0
e01484,training-e,normal,24.092,8,cache/cinc2016/e01484.npz,2
e01485,training-e,normal,20.601,7,cache/cinc2016/e01485.npz,1
e01486,training-e,normal,16.233,5,cache/cinc2016/e01486.npz,1
e01487,training-e,normal,18.497,6,cache/cinc2016/e01487.npz,4
e01488,training-e,normal,33.999,12,cache/cinc2016/e01488.npz,2
e01489,training-e,normal,36.164,13,cache/cinc2016/e01489.npz,0
e01490,training-e,normal,21.144,7,cache/cinc2016/e01490.npz,3
e01491,training-e,normal,22.367,7,cache/cinc2016/e01491.npz,0
e01492,training-e,normal,19.373,6,cache/cinc2016/e01492.npz,0
e01493,training-e,normal,13.425,4,cache/cinc2016/e01493.npz,1
e01494,training-e,abnormal,22.5855,8,cache/cinc2016/e01494.npz,4
e01495,training-e,normal,23.246,8,cache/cinc2016/e01495.npz,0
e01496,training-e,normal,29.176,10,cache/cinc2016/e01496.npz,1
e01497,training-e,normal,17.298,5,cache/cinc2016/e01497.npz,4
e01498,training-e,normal,48.785,18,cache/cinc2016/e01498.npz,2
e01499,training-e,normal,20.238,7,cache/cinc2016/e01499.npz,4
e01500,training-e,normal,35.258,13,cache/cinc2016/e01500.npz,4
e01501,training-e,normal,21.472,7,cache/cinc2016/e01501.npz,2
e01502,training-e,abnormal,22.3845,7,cache/cinc2016/e01502.npz,1
e01503,training-e,normal,26.085,9,cache/cinc2016/e01503.npz,4
e01504,training-e,normal,14.519,4,cache/cinc2016/e01504.npz,0
e01505,training-e,normal,46.912,17,cache/cinc2016/e01505.npz,1
e01506,training-e,normal,12.366,3,cache/cinc2016/e01506.npz,4
e01507,training-e,normal,17.992,6,cache/cinc2016/e01507.npz,2
e01508,training-e,normal,18.746,6,cache/cinc2016/e01508.npz,2
e01509,training-e,normal,19.954,6,cache/cinc2016/e01509.npz,3
e01510,training-e,normal,12.952,4,cache/cinc2016/e01510.npz,4
e01511,training-e,abnormal,11.2385,3,cache/cinc2016/e01511.npz,3
e01512,training-e,normal,20.046,7,cache/cinc2016/e01512.npz,1
e01513,training-e,normal,16.259,5,cache/cinc2016/e01513.npz,2
e01514,training-e,normal,16.056,5,cache/cinc2016/e01514.npz,2
e01515,training-e,normal,10.37,3,cache/cinc2016/e01515.npz,0
e01516,training-e,normal,39.245,14,cache/cinc2016/e01516.npz,1
e01517,training-e,normal,24.001,8,cache/cinc2016/e01517.npz,1
e01518,training-e,normal,22.73,8,cache/cinc2016/e01518.npz,0
e01519,training-e,normal,18.521,6,cache/cinc2016/e01519.npz,4
e01520,training-e,normal,11.457,3,cache/cinc2016/e01520.npz,4
e01521,training-e,normal,20.079,7,cache/cinc2016/e01521.npz,1
e01522,training-e,normal,29.829,10,cache/cinc2016/e01522.npz,4
e01523,training-e,normal,43.228,16,cache/cinc2016/e01523.npz,1
e01524,training-e,normal,19.666,6,cache/cinc2016/e01524.npz,1
e01525,training-e,normal,24.569,8,cache/cinc2016/e01525.npz,4
e01526,training-e,normal,9.941,2,cache/cinc2016/e01526.npz,4
e01527,training-e,normal,23.828,8,cache/cinc2016/e01527.npz,1
e01528,training-e,normal,63.597,24,cache/cinc2016/e01528.npz,4
e01529,training-e,abnormal,23.7775,8,cache/cinc2016/e01529.npz,2
e01530,training-e,normal,13.271,4,cache/cinc2016/e01530.npz,0
e01531,training-e,abnormal,21.804,7,cache/cinc2016/e01531.npz,2
e01532,training-e,normal,24.284,8,cache/cinc2016/e01532.npz,2
e01533,training-e,normal,32.406,11,cache/cinc2016/e01533.npz,1
e01534,training-e,normal,20.988,7,cache/cinc2016/e01534.npz,0
e01535,training-e,normal,27.648,10,cache/cinc2016/e01535.npz,3
e01536,training-e,normal,34.868,12,cache/cinc2016/e01536.npz,0
e01537,training-e,normal,32.88,12,cache/cinc2016/e01537.npz,4
e01538,training-e,normal,38.523,14,cache/cinc2016/e01538.npz,2
e01539,training-e,normal,51.738,19,cache/cinc2016/e01539.npz,1
e01540,training-e,normal,30.596,11,cache/cinc2016/e01540.npz,3
e01541,training-e,normal,12.492,3,cache/cinc2016/e01541.npz,4
e01542,training-e,normal,23.061,8,cache/cinc2016/e01542.npz,0
e01543,training-e,normal,12.784,4,cache/cinc2016/e01543.npz,1
e01544,training-e,normal,22.485,7,cache/cinc2016/e01544.npz,2
e01545,training-e,normal,24.18,8,cache/cinc2016/e01545.npz,4
e01546,training-e,normal,19.647,6,cache/cinc2016/e01546.npz,4
e01547,training-e,normal,32.26,11,cache/cinc2016/e01547.npz,0
e01548,training-e,normal,44.788,16,cache/cinc2016/e01548.npz,3
e01549,training-e,normal,23.057,8,cache/cinc2016/e01549.npz,4
e01550,training-e,normal,47.662,18,cache/cinc2016/e01550.npz,0
e01551,training-e,normal,12.072,3,cache/cinc2016/e01551.npz,3
e01552,training-e,normal,11.606,3,cache/cinc2016/e01552.npz,3
e01553,training-e,normal,24.613,8,cache/cinc2016/e01553.npz,3
e01554,training-e,normal,9.558,2,cache/cinc2016/e01554.npz,2
e01555,training-e,normal,26.711,9,cache/cinc2016/e01555.npz,2
e01556,training-e,normal,20.678,7,cache/cinc2016/e01556.npz,0
e01557,training-e,normal,9.736,2,cache/cinc2016/e01557.npz,3
e01558,training-e,normal,16.106,5,cache/cinc2016/e01558.npz,2
e01559,training-e,abnormal,22.2915,7,cache/cinc2016/e01559.npz,3
e01560,training-e,normal,30.798,11,cache/cinc2016/e01560.npz,4
e01561,training-e,normal,8.178,2,cache/cinc2016/e01561.npz,1
e01562,training-e,normal,17.638,6,cache/cinc2016/e01562.npz,4
e01563,training-e,normal,16.9,5,cache/cinc2016/e01563.npz,2
e01564,training-e,normal,28.49,10,cache/cinc2016/e01564.npz,3
e01565,training-e,normal,30.487,11,cache/cinc2016/e01565.npz,2
e01566,training-e,normal,13.514,4,cache/cinc2016/e01566.npz,1
e01567,training-e,normal,20.508,7,cache/cinc2016/e01567.npz,3
e01568,training-e,abnormal,22.663,8,cache/cinc2016/e01568.npz,2
e01569,training-e,normal,20.062,7,cache/cinc2016/e01569.npz,0
e01570,training-e,normal,22.961,8,cache/cinc2016/e01570.npz,0
e01571,training-e,normal,60.558,23,cache/cinc2016/e01571.npz,3
e01572,training-e,abnormal,23.7775,8,cache/cinc2016/e01572.npz,3
e01573,training-e,normal,26.113,9,cache/cinc2016/e01573.npz,2
e01574,training-e,normal,16.202,5,cache/cinc2016/e01574.npz,0
e01575,training-e,normal,19.147,6,cache/cinc2016/e01575.npz,4
e01576,training-e,normal,39.104,14,cache/cinc2016/e01576.npz,2
e01577,training-e,normal,22.654,8,cache/cinc2016/e01577.npz,3
e01578,training-e,normal,9.187,2,cache/cinc2016/e01578.npz,3
e01579,training-e,normal,20.0,7,cache/cinc2016/e01579.npz,4
e01580,training-e,normal,18.054,6,cache/cinc2016/e01580.npz,4
e01581,training-e,abnormal,23.3595,8,cache/cinc2016/e01581.npz,1
e01582,training-e,normal,26.596,9,cache/cinc2016/e01582.npz,1
e01583,training-e,normal,19.045,6,cache/cinc2016/e01583.npz,1
e01584,training-e,normal,19.84,6,cache/cinc2016/e01584.npz,3
e01585,training-e,normal,22.331,7,cache/cinc2016/e01585.npz,2
e01586,training-e,normal,43.418,16,cache/cinc2016/e01586.npz,4
e01587,training-e,normal,16.65,5,cache/cinc2016/e01587.npz,0
e01588,training-e,normal,15.875,5,cache/cinc2016/e01588.npz,4
e01589,training-e,normal,21.469,7,cache/cinc2016/e01589.npz,1
e01590,training-e,normal,28.264,10,cache/cinc2016/e01590.npz,0
e01591,training-e,normal,16.956,5,cache/cinc2016/e01591.npz,2
e01592,training-e,normal,26.117,9,cache/cinc2016/e01592.npz,4
e01593,training-e,normal,15.021,5,cache/cinc2016/e01593.npz,0
e01594,training-e,normal,28.144,10,cache/cinc2016/e01594.npz,0
e01595,training-e,normal,42.821,16,cache/cinc2016/e01595.npz,4
e01596,training-e,normal,14.708,4,cache/cinc2016/e01596.npz,2
e01597,training-e,normal,36.245,13,cache/cinc2016/e01597.npz,0
e01598,training-e,normal,13.011,4,cache/cinc2016/e01598.npz,3
e01599,training-e,normal,41.021,15,cache/cinc2016/e01599.npz,4
e01600,training-e,normal,11.166,3,cache/cinc2016/e01600.npz,4
e01601,training-e,abnormal,63.1295,24,cache/cinc2016/e01601.npz,0
e01602,training-e,abnormal,40.8165,15,cache/cinc2016/e01602.npz,3
e01603,training-e,normal,13.672,4,cache/cinc2016/e01603.npz,0
e01604,training-e,normal,44.292,16,cache/cinc2016/e01604.npz,4
e01605,training-e,abnormal,21.827,7,cache/cinc2016/e01605.npz,0
e01606,training-e,normal,20.282,7,cache/cinc2016/e01606.npz,4
e01607,training-e,normal,55.031,21,cache/cinc2016/e01607.npz,4
e01608,training-e,normal,16.675,5,cache/cinc2016/e01608.npz,4
e01609,training-e,normal,17.789,6,cache/cinc2016/e01609.npz,3
e01610,training-e,normal,18.845,6,cache/cinc2016/e01610.npz,2
e01611,training-e,normal,24.884,8,cache/cinc2016/e01611.npz,0
e01612,training-e,normal,32.291,11,cache/cinc2016/e01612.npz,1
e01613,training-e,normal,49.548,18,cache/cinc2016/e01613.npz,0
e01614,training-e,normal,22.741,8,cache/cinc2016/e01614.npz,2
e01615,training-e,normal,19.071,6,cache/cinc2016/e01615.npz,4
e01616,training-e,normal,17.671,6,cache/cinc2016/e01616.npz,0
e01617,training-e,normal,8.24,2,cache/cinc2016/e01617.npz,0
e01618,training-e,normal,30.498,11,cache/cinc2016/e01618.npz,0
e01619,training-e,normal,23.843,8,cache/cinc2016/e01619.npz,4
e01620,training-e,normal,23.277,8,cache/cinc2016/e01620.npz,2
e01621,training-e,normal,18.787,6,cache/cinc2016/e01621.npz,1
e01622,training-e,normal,27.813,10,cache/cinc2016/e01622.npz,3
e01623,training-e,abnormal,19.6675,6,cache/cinc2016/e01623.npz,4
e01624,training-e,normal,19.787,6,cache/cinc2016/e01624.npz,2
e01625,training-e,normal,22.819,8,cache/cinc2016/e01625.npz,2
e01626,training-e,normal,12.028,3,cache/cinc2016/e01626.npz,3
e01627,training-e,normal,28.969,10,cache/cinc2016/e01627.npz,2
e01628,training-e,normal,17.145,5,cache/cinc2016/e01628.npz,2
e01629,training-e,normal,25.68,9,cache/cinc2016/e01629.npz,1
e01630,training-e,normal,20.233,7,cache/cinc2016/e01630.npz,4
e01631,training-e,normal,9.558,2,cache/cinc2016/e01631.npz,3
e01632,training-e,normal,24.864,8,cache/cinc2016/e01632.npz,4
e01633,training-e,normal,28.474,10,cache/cinc2016/e01633.npz,4
e01634,training-e,normal,9.933,2,cache/cinc2016/e01634.npz,4
e01635,training-e,normal,18.123,6,cache/cinc2016/e01635.npz,0
e01636,training-e,normal,18.158,6,cache/cinc2016/e01636.npz,1
e01637,training-e,abnormal,22.454,7,cache/cinc2016/e01637.npz,3
e01638,training-e,abnormal,20.3175,7,cache/cinc2016/e01638.npz,0
e01639,training-e,normal,49.8,18,cache/cinc2016/e01639.npz,4
e01640,training-e,normal,13.616,4,cache/cinc2016/e01640.npz,4
e01641,training-e,normal,16.242,5,cache/cinc2016/e01641.npz,4
e01642,training-e,normal,10.005,3,cache/cinc2016/e01642.npz,0
e01643,training-e,normal,21.925,7,cache/cinc2016/e01643.npz,2
e01644,training-e,normal,25.428,9,cache/cinc2016/e01644.npz,2
e01645,training-e,normal,19.12,6,cache/cinc2016/e01645.npz,0
e01646,training-e,normal,17.507,6,cache/cinc2016/e01646.npz,4
e01647,training-e,normal,18.949,6,cache/cinc2016/e01647.npz,4
e01648,training-e,normal,12.919,4,cache/cinc2016/e01648.npz,0
e01649,training-e,normal,13.426,4,cache/cinc2016/e01649.npz,0
e01650,training-e,normal,18.319,6,cache/cinc2016/e01650.npz,4
e01651,training-e,abnormal,25.5785,9,cache/cinc2016/e01651.npz,0
e01652,training-e,normal,11.293,3,cache/cinc2016/e01652.npz,4
e01653,training-e,normal,8.074,2,cache/cinc2016/e01653.npz,1
e01654,training-e,normal,31.903,11,cache/cinc2016/e01654.npz,2
e01655,training-e,normal,31.011,11,cache/cinc2016/e01655.npz,3
e01656,training-e,normal,14.533,4,cache/cinc2016/e01656.npz,4
e01657,training-e,normal,17.992,6,cache/cinc2016/e01657.npz,3
e01658,training-e,normal,36.946,13,cache/cinc2016/e01658.npz,1
e01659,training-e,normal,9.221,2,cache/cinc2016/e01659.npz,3
e01660,training-e,normal,21.417,7,cache/cinc2016/e01660.npz,0
e01661,training-e,abnormal,9.497,2,cache/cinc2016/e01661.npz,1
e01662,training-e,normal,21.004,7,cache/cinc2016/e01662.npz,3
e01663,training-e,normal,10.5,3,cache/cinc2016/e01663.npz,4
e01664,training-e,normal,39.356,14,cache/cinc2016/e01664.npz,1
e01665,training-e,abnormal,23.1275,8,cache/cinc2016/e01665.npz,0
e01666,training-e,normal,23.32,8,cache/cinc2016/e01666.npz,0
e01667,training-e,normal,18.188,6,cache/cinc2016/e01667.npz,1
e01668,training-e,abnormal,28.844,10,cache/cinc2016/e01668.npz,3
e01669,training-e,normal,9.881,2,cache/cinc2016/e01669.npz,4
e01670,training-e,normal,18.97,6,cache/cinc2016/e01670.npz,4
e01671,training-e,normal,76.997,29,cache/cinc2016/e01671.npz,3
e01672,training-e,normal,28.227,10,cache/cinc2016/e01672.npz,1
e01673,training-e,normal,25.501,9,cache/cinc2016/e01673.npz,2
e01674,training-e,normal,13.876,4,cache/cinc2016/e01674.npz,3
e01675,training-e,normal,22.937,8,cache/cinc2016/e01675.npz,0
e01676,training-e,normal,19.407,6,cache/cinc2016/e01676.npz,2
e01677,training-e,normal,10.893,3,cache/cinc2016/e01677.npz,4
e01678,training-e,normal,25.337,9,cache/cinc2016/e01678.npz,4
e01679,training-e,normal,9.593,2,cache/cinc2016/e01679.npz,4
e01680,training-e,normal,14.824,4,cache/cinc2016/e01680.npz,0
e01681,training-e,normal,64.32,24,cache/cinc2016/e01681.npz,3
e01682,training-e,normal,20.081,7,cache/cinc2016/e01682.npz,2
e01683,training-e,normal,10.45,3,cache/cinc2016/e01683.npz,3
e01684,training-e,abnormal,11.4475,3,cache/cinc2016/e01684.npz,2
e01685,training-e,normal,24.877,8,cache/cinc2016/e01685.npz,2
e01686,training-e,abnormal,20.1785,7,cache/cinc2016/e01686.npz,1
e01687,training-e,normal,30.684,11,cache/cinc2016/e01687.npz,0
e01688,training-e,normal,18.998,6,cache/cinc2016/e01688.npz,1
e01689,training-e,abnormal,8.4755,2,cache/cinc2016/e01689.npz,1
e01690,training-e,normal,28.781,10,cache/cinc2016/e01690.npz,1
e01691,training-e,normal,14.33,4,cache/cinc2016/e01691.npz,0
e01692,training-e,normal,22.565,8,cache/cinc2016/e01692.npz,1
e01693,training-e,normal,26.461,9,cache/cinc2016/e01693.npz,2
e01694,training-e,normal,18.99,6,cache/cinc2016/e01694.npz,2
e01695,training-e,normal,14.975,4,cache/cinc2016/e01695.npz,4
e01696,training-e,normal,49.674,18,cache/cinc2016/e01696.npz,4
e01697,training-e,abnormal,21.0375,7,cache/cinc2016/e01697.npz,0
e01698,training-e,normal,20.56,7,cache/cinc2016/e01698.npz,2
e01699,training-e,normal,18.391,6,cache/cinc2016/e01699.npz,1
e01700,training-e,normal,24.924,8,cache/cinc2016/e01700.npz,3
e01701,training-e,normal,34.204,12,cache/cinc2016/e01701.npz,2
e01702,training-e,normal,21.929,7,cache/cinc2016/e01702.npz,1
e01703,training-e,normal,17.54,6,cache/cinc2016/e01703.npz,1
e01704,training-e,normal,21.444,7,cache/cinc2016/e01704.npz,3
e01705,training-e,normal,17.689,6,cache/cinc2016/e01705.npz,0
e01706,training-e,normal,25.267,9,cache/cinc2016/e01706.npz,0
e01707,training-e,normal,21.393,7,cache/cinc2016/e01707.npz,1
e01708,training-e,normal,27.097,9,cache/cinc2016/e01708.npz,2
e01709,training-e,normal,15.528,5,cache/cinc2016/e01709.npz,1
e01710,training-e,normal,42.343,15,cache/cinc2016/e01710.npz,3
e01711,training-e,abnormal,23.7775,8,cache/cinc2016/e01711.npz,2
e01712,training-e,normal,10.683,3,cache/cinc2016/e01712.npz,4
e01713,training-e,normal,10.896,3,cache/cinc2016/e01713.npz,0
e01714,training-e,normal,24.893,8,cache/cinc2016/e01714.npz,0
e01715,training-e,normal,24.692,8,cache/cinc2016/e01715.npz,2
e01716,training-e,normal,25.318,9,cache/cinc2016/e01716.npz,3
e01717,training-e,normal,8.057,2,cache/cinc2016/e01717.npz,1
e01718,training-e,normal,14.245,4,cache/cinc2016/e01718.npz,0
e01719,training-e,abnormal,20.573,7,cache/cinc2016/e01719.npz,2
e01720,training-e,normal,9.958,2,cache/cinc2016/e01720.npz,1
e01721,training-e,normal,29.271,10,cache/cinc2016/e01721.npz,0
e01722,training-e,normal,12.823,4,cache/cinc2016/e01722.npz,3
e01723,training-e,normal,20.559,7,cache/cinc2016/e01723.npz,3
e01724,training-e,normal,8.468,2,cache/cinc2016/e01724.npz,1
e01725,training-e,normal,17.024,5,cache/cinc2016/e01725.npz,1
e01726,training-e,normal,23.094,8,cache/cinc2016/e01726.npz,1
e01727,training-e,normal,49.649,18,cache/cinc2016/e01727.npz,0
e01728,training-e,normal,18.469,6,cache/cinc2016/e01728.npz,0
e01729,training-e,normal,20.196,7,cache/cinc2016/e01729.npz,2
e01730,training-e,normal,24.049,8,cache/cinc2016/e01730.npz,0
e01731,training-e,normal,9.928,2,cache/cinc2016/e01731.npz,2
e01732,training-e,abnormal,32.6535,12,cache/cinc2016/e01732.npz,1
e01733,training-e,normal,16.36,5,cache/cinc2016/e01733.npz,2
e01734,training-e,normal,18.031,6,cache/cinc2016/e01734.npz,2
e01735,training-e,normal,18.607,6,cache/cinc2016/e01735.npz,0
e01736,training-e,normal,24.712,8,cache/cinc2016/e01736.npz,3
e01737,training-e,normal,9.794,2,cache/cinc2016/e01737.npz,3
e01738,training-e,normal,15.008,5,cache/cinc2016/e01738.npz,3
e01739,training-e,normal,14.836,4,cache/cinc2016/e01739.npz,3
e01740,training-e,normal,25.674,9,cache/cinc2016/e01740.npz,0
e01741,training-e,normal,20.509,7,cache/cinc2016/e01741.npz,1
e01742,training-e,normal,28.113,10,cache/cinc2016/e01742.npz,2
e01743,training-e,normal,57.36,21,cache/cinc2016/e01743.npz,4
e01744,training-e,normal,9.804,2,cache/cinc2016/e01744.npz,4
e01745,training-e,normal,13.464,4,cache/cinc2016/e01745.npz,4
e01746,training-e,normal,37.776,14,cache/cinc2016/e01746.npz,4
e01747,training-e,normal,19.968,6,cache/cinc2016/e01747.npz,2
e01748,training-e,normal,14.502,4,cache/cinc2016/e01748.npz,1
e01749,training-e,normal,14.974,4,cache/cinc2016/e01749.npz,1
e01750,training-e,normal,23.361,8,cache/cinc2016/e01750.npz,0
e01751,training-e,normal,31.772,11,cache/cinc2016/e01751.npz,3
e01752,training-e,normal,15.559,5,cache/cinc2016/e01752.npz,1
e01753,training-e,normal,47.313,17,cache/cinc2016/e01753.npz,4
e01754,training-e,normal,12.765,4,cache/cinc2016/e01754.npz,3
e01755,training-e,normal,14.223,4,cache/cinc2016/e01755.npz,2
e01756,training-e,abnormal,20.6195,7,cache/cinc2016/e01756.npz,3
e01757,training-e,normal,19.681,6,cache/cinc2016/e01757.npz,1
e01758,training-e,normal,15.046,5,cache/cinc2016/e01758.npz,4
e01759,training-e,normal,19.463,6,cache/cinc2016/e01759.npz,2
e01760,training-e,normal,20.257,7,cache/cinc2016/e01760.npz,1
e01761,training-e,normal,13.721,4,cache/cinc2016/e01761.npz,4
e01762,training-e,normal,41.344,15,cache/cinc2016/e01762.npz,0
e01763,training-e,normal,14.577,4,cache/cinc2016/e01763.npz,2
e01764,training-e,normal,8.244,2,cache/cinc2016/e01764.npz,0
e01765,training-e,normal,57.389,21,cache/cinc2016/e01765.npz,4
e01766,training-e,abnormal,22.3845,7,cache/cinc2016/e01766.npz,3
e01767,training-e,normal,18.936,6,cache/cinc2016/e01767.npz,1
e01768,training-e,normal,16.177,5,cache/cinc2016/e01768.npz,1
e01769,training-e,normal,30.308,11,cache/cinc2016/e01769.npz,1
e01770,training-e,normal,42.239,15,cache/cinc2016/e01770.npz,3
e01771,training-e,normal,15.909,5,cache/cinc2016/e01771.npz,4
e01772,training-e,normal,34.749,12,cache/cinc2016/e01772.npz,0
e01773,training-e,normal,17.129,5,cache/cinc2016/e01773.npz,2
e01774,training-e,normal,21.453,7,cache/cinc2016/e01774.npz,3
e01775,training-e,normal,25.336,9,cache/cinc2016/e01775.npz,2
e01776,training-e,normal,18.698,6,cache/cinc2016/e01776.npz,0
e01777,training-e,normal,97.015,37,cache/cinc2016/e01777.npz,0
e01778,training-e,normal,23.872,8,cache/cinc2016/e01778.npz,4
e01779,training-e,normal,64.838,24,cache/cinc2016/e01779.npz,2
e01780,training-e,normal,38.543,14,cache/cinc2016/e01780.npz,1
e01781,training-e,normal,17.149,5,cache/cinc2016/e01781.npz,1
e01782,training-e,normal,15.302,5,cache/cinc2016/e01782.npz,2
e01783,training-e,normal,22.527,8,cache/cinc2016/e01783.npz,1
e01784,training-e,normal,29.769,10,cache/cinc2016/e01784.npz,1
e01785,training-e,normal,20.121,7,cache/cinc2016/e01785.npz,4
e01786,training-e,normal,18.454,6,cache/cinc2016/e01786.npz,0
e01787,training-e,abnormal,13.7465,4,cache/cinc2016/e01787.npz,4
e01788,training-e,normal,22.749,8,cache/cinc2016/e01788.npz,2
e01789,training-e,normal,20.561,7,cache/cinc2016/e01789.npz,3
e01790,training-e,normal,8.979,2,cache/cinc2016/e01790.npz,1
e01791,training-e,abnormal,23.2665,8,cache/cinc2016/e01791.npz,2
e01792,training-e,normal,18.81,6,cache/cinc2016/e01792.npz,2
e01793,training-e,normal,19.222,6,cache/cinc2016/e01793.npz,3
e01794,training-e,normal,13.734,4,cache/cinc2016/e01794.npz,0
e01795,training-e,normal,12.837,4,cache/cinc2016/e01795.npz,1
e01796,training-e,normal,23.086,8,cache/cinc2016/e01796.npz,4
e01797,training-e,normal,15.455,5,cache/cinc2016/e01797.npz,4
e01798,training-e,normal,26.769,9,cache/cinc2016/e01798.npz,4
e01799,training-e,normal,24.745,8,cache/cinc2016/e01799.npz,1
e01800,training-e,normal,20.643,7,cache/cinc2016/e01800.npz,1
e01801,training-e,normal,13.112,4,cache/cinc2016/e01801.npz,1
e01802,training-e,normal,20.459,7,cache/cinc2016/e01802.npz,0
e01803,training-e,normal,29.158,10,cache/cinc2016/e01803.npz,0
e01804,training-e,normal,19.224,6,cache/cinc2016/e01804.npz,0
e01805,training-e,normal,14.155,4,cache/cinc2016/e01805.npz,4
e01806,training-e,normal,35.367,13,cache/cinc2016/e01806.npz,3
e01807,training-e,normal,94.718,36,cache/cinc2016/e01807.npz,4
e01808,training-e,normal,16.408,5,cache/cinc2016/e01808.npz,4
e01809,training-e,normal,12.507,4,cache/cinc2016/e01809.npz,1
e01810,training-e,normal,11.178,3,cache/cinc2016/e01810.npz,0
e01811,training-e,normal,26.91,9,cache/cinc2016/e01811.npz,0
e01812,training-e,abnormal,11.0065,3,cache/cinc2016/e01812.npz,1
e01813,training-e,normal,21.188,7,cache/cinc2016/e01813.npz,2
e01814,training-e,normal,30.075,11,cache/cinc2016/e01814.npz,3
e01815,training-e,normal,10.078,3,cache/cinc2016/e01815.npz,1
e01816,training-e,normal,38.047,14,cache/cinc2016/e01816.npz,1
e01817,training-e,normal,21.896,7,cache/cinc2016/e01817.npz,3
e01818,training-e,normal,26.183,9,cache/cinc2016/e01818.npz,2
e01819,training-e,normal,15.681,5,cache/cinc2016/e01819.npz,3
e01820,training-e,normal,33.686,12,cache/cinc2016/e01820.npz,4
e01821,training-e,normal,21.204,7,cache/cinc2016/e01821.npz,3
e01822,training-e,normal,11.737,3,cache/cinc2016/e01822.npz,2
e01823,training-e,normal,19.985,6,cache/cinc2016/e01823.npz,4
e01824,training-e,abnormal,23.7775,8,cache/cinc2016/e01824.npz,1
e01825,training-e,normal,15.365,5,cache/cinc2016/e01825.npz,1
e01826,training-e,normal,18.678,6,cache/cinc2016/e01826.npz,3
e01827,training-e,normal,23.968,8,cache/cinc2016/e01827.npz,4
e01828,training-e,normal,31.353,11,cache/cinc2016/e01828.npz,0
e01829,training-e,normal,43.063,16,cache/cinc2016/e01829.npz,4
e01830,training-e,normal,21.352,7,cache/cinc2016/e01830.npz,2
e01831,training-e,normal,16.229,5,cache/cinc2016/e01831.npz,0
e01832,training-e,abnormal,23.499,8,cache/cinc2016/e01832.npz,4
e01833,training-e,normal,22.412,7,cache/cinc2016/e01833.npz,1
e01834,training-e,normal,27.889,10,cache/cinc2016/e01834.npz,3
e01835,training-e,normal,21.965,7,cache/cinc2016/e01835.npz,1
e01836,training-e,normal,9.051,2,cache/cinc2016/e01836.npz,4
e01837,training-e,normal,13.946,4,cache/cinc2016/e01837.npz,0
e01838,training-e,normal,10.94,3,cache/cinc2016/e01838.npz,0
e01839,training-e,normal,29.492,10,cache/cinc2016/e01839.npz,4
e01840,training-e,normal,23.574,8,cache/cinc2016/e01840.npz,4
e01841,training-e,normal,15.419,5,cache/cinc2016/e01841.npz,1
e01842,training-e,normal,21.548,7,cache/cinc2016/e01842.npz,4
e01843,training-e,normal,31.38,11,cache/cinc2016/e01843.npz,0
e01844,training-e,normal,9.412,2,cache/cinc2016/e01844.npz,3
e01845,training-e,normal,18.002,6,cache/cinc2016/e01845.npz,4
e01846,training-e,abnormal,15.999,5,cache/cinc2016/e01846.npz,3
e01847,training-e,normal,24.034,8,cache/cinc2016/e01847.npz,3
e01848,training-e,abnormal,14.6055,4,cache/cinc2016/e01848.npz,3
e01849,training-e,normal,32.041,11,cache/cinc2016/e01849.npz,1
e01850,training-e,normal,20.895,7,cache/cinc2016/e01850.npz,3
e01851,training-e,normal,31.488,11,cache/cinc2016/e01851.npz,0
e01852,training-e,normal,19.545,6,cache/cinc2016/e01852.npz,0
e01853,training-e,normal,11.274,3,cache/cinc2016/e01853.npz,4
e01854,training-e,normal,19.483,6,cache/cinc2016/e01854.npz,4
e01855,training-e,abnormal,9.4275,2,cache/cinc2016/e01855.npz,0
e01856,training-e,abnormal,14.884,4,cache/cinc2016/e01856.npz,4
e01857,training-e,abnormal,10.0775,3,cache/cinc2016/e01857.npz,2
e01858,training-e,normal,24.333,8,cache/cinc2016/e01858.npz,3
e01859,training-e,normal,28.091,10,cache/cinc2016/e01859.npz,1
e01860,training-e,normal,22.178,7,cache/cinc2016/e01860.npz,3
e01861,training-e,normal,20.983,7,cache/cinc2016/e01861.npz,4
e01862,training-e,normal,26.715,9,cache/cinc2016/e01862.npz,3
e01863,training-e,normal,15.9,5,cache/cinc2016/e01863.npz,3
e01864,training-e,normal,36.314,13,cache/cinc2016/e01864.npz,1
e01865,training-e,normal,16.117,5,cache/cinc2016/e01865.npz,3
e01866,training-e,normal,18.41,6,cache/cinc2016/e01866.npz,4
e01867,training-e,abnormal,15.4185,5,cache/cinc2016/e01867.npz,0
e01868,training-e,normal,26.392,9,cache/cinc2016/e01868.npz,2
e01869,training-e,abnormal,23.0345,8,cache/cinc2016/e01869.npz,4
e01870,training-e,normal,24.637,8,cache/cinc2016/e01870.npz,1
e01871,training-e,normal,24.681,8,cache/cinc2016/e01871.npz,2
e01872,training-e,normal,17.668,6,cache/cinc2016/e01872.npz,4
e01873,training-e,normal,22.377,7,cache/cinc2016/e01873.npz,0
e01874,training-e,normal,30.141,11,cache/cinc2016/e01874.npz,1
e01875,training-e,normal,9.108,2,cache/cinc2016/e01875.npz,4
e01876,training-e,normal,42.135,15,cache/cinc2016/e01876.npz,0
e01877,training-e,normal,26.931,9,cache/cinc2016/e01877.npz,3
e01878,training-e,normal,17.951,6,cache/cinc2016/e01878.npz,4
e01879,training-e,normal,28.495,10,cache/cinc2016/e01879.npz,3
e01880,training-e,normal,20.615,7,cache/cinc2016/e01880.npz,4
e01881,training-e,abnormal,12.655,4,cache/cinc2016/e01881.npz,4
e01882,training-e,normal,32.905,12,cache/cinc2016/e01882.npz,2
e01883,training-e,normal,25.945,9,cache/cinc2016/e01883.npz,2
e01884,training-e,normal,16.023,5,cache/cinc2016/e01884.npz,3
e01885,training-e,normal,18.302,6,cache/cinc2016/e01885.npz,0
e01886,training-e,normal,12.925,4,cache/cinc2016/e01886.npz,3
e01887,training-e,normal,16.334,5,cache/cinc2016/e01887.npz,4
e01888,training-e,normal,19.222,6,cache/cinc2016/e01888.npz,1
e01889,training-e,normal,13.402,4,cache/cinc2016/e01889.npz,3
e01890,training-e,normal,18.335,6,cache/cinc2016/e01890.npz,0
e01891,training-e,normal,19.135,6,cache/cinc2016/e01891.npz,2
e01892,training-e,normal,39.67,14,cache/cinc2016/e01892.npz,4
e01893,training-e,normal,17.593,6,cache/cinc2016/e01893.npz,1
e01894,training-e,normal,36.24,13,cache/cinc2016/e01894.npz,4
e01895,training-e,normal,23.239,8,cache/cinc2016/e01895.npz,1
e01896,training-e,normal,41.439,15,cache/cinc2016/e01896.npz,2
e01897,training-e,normal,11.475,3,cache/cinc2016/e01897.npz,3
e01898,training-e,normal,32.095,11,cache/cinc2016/e01898.npz,1
e01899,training-e,normal,100.97,39,cache/cinc2016/e01899.npz,2
e01900,training-e,normal,23.166,8,cache/cinc2016/e01900.npz,3
e01901,training-e,normal,30.238,11,cache/cinc2016/e01901.npz,4
e01902,training-e,normal,12.587,4,cache/cinc2016/e01902.npz,2
e01903,training-e,normal,27.685,10,cache/cinc2016/e01903.npz,3
e01904,training-e,normal,9.261,2,cache/cinc2016/e01904.npz,1
e01905,training-e,normal,23.258,8,cache/cinc2016/e01905.npz,0
e01906,training-e,normal,21.911,7,cache/cinc2016/e01906.npz,0
e01907,training-e,normal,14.331,4,cache/cinc2016/e01907.npz,3
e01908,training-e,normal,35.286,13,cache/cinc2016/e01908.npz,1
e01909,training-e,normal,26.986,9,cache/cinc2016/e01909.npz,2
e01910,training-e,normal,22.774,8,cache/cinc2016/e01910.npz,3
e01911,training-e,normal,17.612,6,cache/cinc2016/e01911.npz,4
e01912,training-e,normal,15.517,5,cache/cinc2016/e01912.npz,1
e01913,training-e,normal,22.7,8,cache/cinc2016/e01913.npz,2
e01914,training-e,normal,12.943,4,cache/cinc2016/e01914.npz,3
e01915,training-e,normal,13.677,4,cache/cinc2016/e01915.npz,2
e01916,training-e,normal,13.839,4,cache/cinc2016/e01916.npz,3
e01917,training-e,abnormal,22.4075,7,cache/cinc2016/e01917.npz,0
e01918,training-e,normal,17.864,6,cache/cinc2016/e01918.npz,4
e01919,training-e,normal,25.639,9,cache/cinc2016/e01919.npz,0
e01920,training-e,normal,23.407,8,cache/cinc2016/e01920.npz,3
e01921,training-e,normal,41.109,15,cache/cinc2016/e01921.npz,0
e01922,training-e,abnormal,19.9695,6,cache/cinc2016/e01922.npz,1
e01923,training-e,normal,16.912,5,cache/cinc2016/e01923.npz,4
e01924,training-e,normal,21.78,7,cache/cinc2016/e01924.npz,4
e01925,training-e,normal,22.99,8,cache/cinc2016/e01925.npz,3
e01926,training-e,normal,19.03,6,cache/cinc2016/e01926.npz,2
e01927,training-e,normal,21.385,7,cache/cinc2016/e01927.npz,3
e01928,training-e,normal,38.716,14,cache/cinc2016/e01928.npz,3
e01929,training-e,abnormal,32.9255,12,cache/cinc2016/e01929.npz,0
e01930,training-e,normal,18.376,6,cache/cinc2016/e01930.npz,4
e01931,training-e,normal,18.809,6,cache/cinc2016/e01931.npz,3
e01932,training-e,normal,16.094,5,cache/cinc2016/e01932.npz,2
e01933,training-e,normal,22.929,8,cache/cinc2016/e01933.npz,0
e01934,training-e,normal,17.223,5,cache/cinc2016/e01934.npz,3
e01935,training-e,normal,14.745,4,cache/cinc2016/e01935.npz,2
e01936,training-e,normal,21.266,7,cache/cinc2016/e01936.npz,4
e01937,training-e,normal,35.68,13,cache/cinc2016/e01937.npz,4
e01938,training-e,normal,37.38,13,cache/cinc2016/e01938.npz,3
e01939,training-e,normal,18.218,6,cache/cinc2016/e01939.npz,3
e01940,training-e,normal,12.304,3,cache/cinc2016/e01940.npz,0
e01941,training-e,normal,20.833,7,cache/cinc2016/e01941.npz,4
e01942,training-e,normal,10.309,3,cache/cinc2016/e01942.npz,3
e01943,training-e,normal,17.22,5,cache/cinc2016/e01943.npz,1
e01944,training-e,normal,27.133,9,cache/cinc2016/e01944.npz,1
e01945,training-e,normal,49.944,18,cache/cinc2016/e01945.npz,4
e01946,training-e,normal,12.902,4,cache/cinc2016/e01946.npz,3
e01947,training-e,normal,8.119,2,cache/cinc2016/e01947.npz,0
e01948,training-e,normal,22.404,7,cache/cinc2016/e01948.npz,3
e01949,training-e,normal,26.958,9,cache/cinc2016/e01949.npz,3
e01950,training-e,normal,28.572,10,cache/cinc2016/e01950.npz,3
e01951,training-e,normal,41.296,15,cache/cinc2016/e01951.npz,0
e01952,training-e,normal,26.257,9,cache/cinc2016/e01952.npz,1
e01953,training-e,abnormal,12.121,3,cache/cinc2016/e01953.npz,3
e01954,training-e,normal,41.058,15,cache/cinc2016/e01954.npz,4
e01955,training-e,normal,11.91,3,cache/cinc2016/e01955.npz,4
e01956,training-e,normal,14.876,4,cache/cinc2016/e01956.npz,1
e01957,training-e,normal,10.388,3,cache/cinc2016/e01957.npz,4
e01958,training-e,normal,22.587,8,cache/cinc2016/e01958.npz,0
e01959,training-e,normal,30.704,11,cache/cinc2016/e01959.npz,1
e01960,training-e,normal,18.421,6,cache/cinc2016/e01960.npz,0
e01961,training-e,normal,40.151,15,cache/cinc2016/e01961.npz,1
e01962,training-e,abnormal,8.824,2,cache/cinc2016/e01962.npz,3
e01963,training-e,normal,16.321,5,cache/cinc2016/e01963.npz,3
e01964,training-e,normal,19.294,6,cache/cinc2016/e01964.npz,2
e01965,training-e,normal,15.757,5,cache/cinc2016/e01965.npz,2
e01966,training-e,normal,23.678,8,cache/cinc2016/e01966.npz,4
e01967,training-e,abnormal,23.6845,8,cache/cinc2016/e01967.npz,3
e01968,training-e,normal,21.2,7,cache/cinc2016/e01968.npz,4
e01969,training-e,normal,9.915,2,cache/cinc2016/e01969.npz,2
e01970,training-e,normal,21.357,7,cache/cinc2016/e01970.npz,2
e01971,training-e,abnormal,14.652,4,cache/cinc2016/e01971.npz,2
e01972,training-e,normal,17.779,6,cache/cinc2016/e01972.npz,1
e01973,training-e,normal,38.907,14,cache/cinc2016/e01973.npz,0
e01974,training-e,normal,44.981,16,cache/cinc2016/e01974.npz,2
e01975,training-e,normal,50.76,19,cache/cinc2016/e01975.npz,1
e01976,training-e,normal,48.476,18,cache/cinc2016/e01976.npz,3
e01977,training-e,normal,12.941,4,cache/cinc2016/e01977.npz,3
e01978,training-e,abnormal,19.064,6,cache/cinc2016/e01978.npz,0
e01979,training-e,normal,38.075,14,cache/cinc2016/e01979.npz,0
e01980,training-e,normal,14.442,4,cache/cinc2016/e01980.npz,1
e01981,training-e,normal,35.939,13,cache/cinc2016/e01981.npz,3
e01982,training-e,normal,30.765,11,cache/cinc2016/e01982.npz,0
e01983,training-e,normal,19.546,6,cache/cinc2016/e01983.npz,0
e01984,training-e,normal,14.225,4,cache/cinc2016/e01984.npz,3
e01985,training-e,normal,18.249,6,cache/cinc2016/e01985.npz,0
e01986,training-e,normal,46.922,17,cache/cinc2016/e01986.npz,0
e01987,training-e,normal,18.111,6,cache/cinc2016/e01987.npz,2
e01988,training-e,normal,16.632,5,cache/cinc2016/e01988.npz,1
e01989,training-e,normal,17.359,5,cache/cinc2016/e01989.npz,0
e01990,training-e,normal,11.229,3,cache/cinc2016/e01990.npz,2
e01991,training-e,normal,10.361,3,cache/cinc2016/e01991.npz,0
e01992,training-e,abnormal,23.7775,8,cache/cinc2016/e01992.npz,2
e01993,training-e,normal,64.229,24,cache/cinc2016/e01993.npz,4
e01994,training-e,normal,15.944,5,cache/cinc2016/e01994.npz,2
e01995,training-e,abnormal,21.502,7,cache/cinc2016/e01995.npz,4
e01996,training-e,normal,26.852,9,cache/cinc2016/e01996.npz,3
e01997,training-e,normal,14.043,4,cache/cinc2016/e01997.npz,2
e01998,training-e,normal,22.087,7,cache/cinc2016/e01998.npz,3
e01999,training-e,normal,10.895,3,cache/cinc2016/e01999.npz,3
e02000,training-e,normal,26.793,9,cache/cinc2016/e02000.npz,4
e02001,training-e,normal,22.809,8,cache/cinc2016/e02001.npz,4
e02002,training-e,normal,17.489,5,cache/cinc2016/e02002.npz,2
e02003,training-e,normal,64.292,24,cache/cinc2016/e02003.npz,3
e02004,training-e,normal,13.462,4,cache/cinc2016/e02004.npz,4
e02005,training-e,normal,15.25,5,cache/cinc2016/e02005.npz,4
e02006,training-e,normal,9.16,2,cache/cinc2016/e02006.npz,3
e02007,training-e,normal,19.507,6,cache/cinc2016/e02007.npz,3
e02008,training-e,normal,17.575,6,cache/cinc2016/e02008.npz,2
e02009,training-e,normal,27.924,10,cache/cinc2016/e02009.npz,2
e02010,training-e,normal,21.11,7,cache/cinc2016/e02010.npz,1
e02011,training-e,normal,22.05,7,cache/cinc2016/e02011.npz,4
e02012,training-e,normal,18.662,6,cache/cinc2016/e02012.npz,2
e02013,training-e,normal,19.937,6,cache/cinc2016/e02013.npz,0
e02014,training-e,normal,33.444,12,cache/cinc2016/e02014.npz,4
e02015,training-e,normal,10.571,3,cache/cinc2016/e02015.npz,4
e02016,training-e,normal,21.452,7,cache/cinc2016/e02016.npz,2
e02017,training-e,normal,43.788,16,cache/cinc2016/e02017.npz,4
e02018,training-e,normal,42.257,15,cache/cinc2016/e02018.npz,0
e02019,training-e,normal,17.21,5,cache/cinc2016/e02019.npz,0
e02020,training-e,normal,18.598,6,cache/cinc2016/e02020.npz,3
e02021,training-e,normal,14.822,4,cache/cinc2016/e02021.npz,4
e02022,training-e,normal,32.761,12,cache/cinc2016/e02022.npz,4
e02023,training-e,normal,16.948,5,cache/cinc2016/e02023.npz,1
e02024,training-e,normal,29.086,10,cache/cinc2016/e02024.npz,0
e02025,training-e,normal,29.152,10,cache/cinc2016/e02025.npz,4
e02026,training-e,normal,24.942,8,cache/cinc2016/e02026.npz,2
e02027,training-e,normal,22.908,8,cache/cinc2016/e02027.npz,2
e02028,training-e,normal,38.021,14,cache/cinc2016/e02028.npz,3
e02029,training-e,normal,13.51,4,cache/cinc2016/e02029.npz,2
e02030,training-e,abnormal,16.765,5,cache/cinc2016/e02030.npz,2
e02031,training-e,normal,9.167,2,cache/cinc2016/e02031.npz,4
e02032,training-e,abnormal,9.497,2,cache/cinc2016/e02032.npz,1
e02033,training-e,normal,33.178,12,cache/cinc2016/e02033.npz,4
e02034,training-e,normal,21.395,7,cache/cinc2016/e02034.npz,0
e02035,training-e,normal,24.505,8,cache/cinc2016/e02035.npz,3
e02036,training-e,normal,41.577,15,cache/cinc2016/e02036.npz,2
e02037,training-e,normal,25.53,9,cache/cinc2016/e02037.npz,4
e02038,training-e,normal,51.213,19,cache/cinc2016/e02038.npz,2
e02039,training-e,normal,11.223,3,cache/cinc2016/e02039.npz,3
e02040,training-e,normal,38.951,14,cache/cinc2016/e02040.npz,1
e02041,training-e,normal,8.82,2,cache/cinc2016/e02041.npz,3
e02042,training-e,normal,31.927,11,cache/cinc2016/e02042.npz,1
e02043,training-e,normal,21.898,7,cache/cinc2016/e02043.npz,2
e02044,training-e,abnormal,31.293,11,cache/cinc2016/e02044.npz,0
e02045,training-e,normal,20.887,7,cache/cinc2016/e02045.npz,1
e02046,training-e,normal,21.111,7,cache/cinc2016/e02046.npz,2
e02047,training-e,normal,21.883,7,cache/cinc2016/e02047.npz,4
e02048,training-e,normal,38.831,14,cache/cinc2016/e02048.npz,0
e02049,training-e,normal,54.196,20,cache/cinc2016/e02049.npz,4
e02050,training-e,normal,21.05,7,cache/cinc2016/e02050.npz,0
e02051,training-e,normal,18.092,6,cache/cinc2016/e02051.npz,0
e02052,training-e,normal,9.654,2,cache/cinc2016/e02052.npz,1
e02053,training-e,normal,24.692,8,cache/cinc2016/e02053.npz,1
e02054,training-e,normal,21.491,7,cache/cinc2016/e02054.npz,0
e02055,training-e,normal,14.754,4,cache/cinc2016/e02055.npz,1
e02056,training-e,normal,14.925,4,cache/cinc2016/e02056.npz,0
e02057,training-e,normal,12.474,3,cache/cinc2016/e02057.npz,3
e02058,training-e,normal,31.441,11,cache/cinc2016/e02058.npz,2
e02059,training-e,normal,11.523,3,cache/cinc2016/e02059.npz,3
e02060,training-e,normal,30.42,11,cache/cinc2016/e02060.npz,1
e02061,training-e,normal,14.564,4,cache/cinc2016/e02061.npz,3
e02062,training-e,normal,21.937,7,cache/cinc2016/e02062.npz,2
e02063,training-e,normal,18.748,6,cache/cinc2016/e02063.npz,2
e02064,training-e,normal,31.978,11,cache/cinc2016/e02064.npz,0
e02065,training-e,abnormal,15.8825,5,cache/cinc2016/e02065.npz,2
e02066,training-e,normal,10.988,3,cache/cinc2016/e02066.npz,0
e02067,training-e,normal,25.191,9,cache/cinc2016/e02067.npz,0
e02068,training-e,normal,8.086,2,cache/cinc2016/e02068.npz,4
e02069,training-e,normal,37.532,14,cache/cinc2016/e02069.npz,2
e02070,training-e,normal,12.358,3,cache/cinc2016/e02070.npz,4
e02071,training-e,normal,18.15,6,cache/cinc2016/e02071.npz,4
e02072,training-e,normal,11.031,3,cache/cinc2016/e02072.npz,2
e02073,training-e,normal,19.554,6,cache/cinc2016/e02073.npz,4
e02074,training-e,abnormal,20.1785,7,cache/cinc2016/e02074.npz,4
e02075,training-e,normal,30.129,11,cache/cinc2016/e02075.npz,4
e02076,training-e,normal,25.57,9,cache/cinc2016/e02076.npz,3
e02077,training-e,normal,37.77,14,cache/cinc2016/e02077.npz,3
e02078,training-e,normal,8.695,2,cache/cinc2016/e02078.npz,2
e02079,training-e,normal,26.573,9,cache/cinc2016/e02079.npz,3
e02080,training-e,normal,31.388,11,cache/cinc2016/e02080.npz,4
e02081,training-e,normal,15.923,5,cache/cinc2016/e02081.npz,1
e02082,training-e,normal,18.986,6,cache/cinc2016/e02082.npz,4
e02083,training-e,normal,16.611,5,cache/cinc2016/e02083.npz,2
e02084,training-e,normal,30.735,11,cache/cinc2016/e02084.npz,1
e02085,training-e,abnormal,12.957,4,cache/cinc2016/e02085.npz,2
e02086,training-e,normal,20.679,7,cache/cinc2016/e02086.npz,1
e02087,training-e,normal,9.227,2,cache/cinc2016/e02087.npz,2
e02088,training-e,normal,18.953,6,cache/cinc2016/e02088.npz,4
e02089,training-e,normal,9.587,2,cache/cinc2016/e02089.npz,0
e02090,training-e,normal,22.36,7,cache/cinc2016/e02090.npz,3
e02091,training-e,normal,28.777,10,cache/cinc2016/e02091.npz,1
e02092,training-e,normal,12.891,4,cache/cinc2016/e02092.npz,0
e02093,training-e,normal,16.0,5,cache/cinc2016/e02093.npz,1
e02094,training-e,normal,36.563,13,cache/cinc2016/e02094.npz,3
e02095,training-e,normal,15.322,5,cache/cinc2016/e02095.npz,0
e02096,training-e,normal,17.324,5,cache/cinc2016/e02096.npz,3
e02097,training-e,abnormal,16.765,5,cache/cinc2016/e02097.npz,2
e02098,training-e,normal,13.372,4,cache/cinc2016/e02098.npz,0
e02099,training-e,normal,31.091,11,cache/cinc2016/e02099.npz,1
e02100,training-e,normal,12.273,3,cache/cinc2016/e02100.npz,3
e02101,training-e,abnormal,11.8425,3,cache/cinc2016/e02101.npz,1
e02102,training-e,abnormal,23.3365,8,cache/cinc2016/e02102.npz,4
e02103,training-e,normal,25.508,9,cache/cinc2016/e02103.npz,3
e02104,training-e,normal,15.56,5,cache/cinc2016/e02104.npz,4
e02105,training-e,normal,22.088,7,cache/cinc2016/e02105.npz,1
e02106,training-e,normal,19.594,6,cache/cinc2016/e02106.npz,4
e02107,training-e,normal,22.875,8,cache/cinc2016/e02107.npz,3
e02108,training-e,abnormal,19.203,6,cache/cinc2016/e02108.npz,3
e02109,training-e,normal,25.286,9,cache/cinc2016/e02109.npz,0
e02110,training-e,normal,14.521,4,cache/cinc2016/e02110.npz,4
e02111,training-e,normal,22.659,8,cache/cinc2016/e02111.npz,0
e02112,training-e,normal,20.716,7,cache/cinc2016/e02112.npz,2
e02113,training-e,normal,17.454,5,cache/cinc2016/e02113.npz,4
e02114,training-e,normal,31.134,11,cache/cinc2016/e02114.npz,0
e02115,training-e,normal,9.08,2,cache/cinc2016/e02115.npz,3
e02116,training-e,normal,22.434,7,cache/cinc2016/e02116.npz,2
e02117,training-e,normal,26.797,9,cache/cinc2016/e02117.npz,4
e02118,training-e,normal,21.273,7,cache/cinc2016/e02118.npz,0
e02119,training-e,normal,11.201,3,cache/cinc2016/e02119.npz,1
e02120,training-e,normal,24.492,8,cache/cinc2016/e02120.npz,4
e02121,training-e,abnormal,12.562,4,cache/cinc2016/e02121.npz,4
e02122,training-e,normal,19.871,6,cache/cinc2016/e02122.npz,4
e02123,training-e,normal,17.477,5,cache/cinc2016/e02123.npz,1
e02124,training-e,normal,8.532,2,cache/cinc2016/e02124.npz,1
e02125,training-e,normal,23.774,8,cache/cinc2016/e02125.npz,1
e02126,training-e,abnormal,20.2945,7,cache/cinc2016/e02126.npz,3
e02127,training-e,normal,32.398,11,cache/cinc2016/e02127.npz,4
e02128,training-e,normal,22.478,7,cache/cinc2016/e02128.npz,0
e02129,training-e,normal,16.411,5,cache/cinc2016/e02129.npz,0
e02130,training-e,normal,11.942,3,cache/cinc2016/e02130.npz,2
e02131,training-e,normal,14.902,4,cache/cinc2016/e02131.npz,3
e02132,training-e,normal,36.315,13,cache/cinc2016/e02132.npz,0
e02133,training-e,abnormal,14.422,4,cache/cinc2016/e02133.npz,1
e02134,training-e,normal,13.076,4,cache/cinc2016/e02134.npz,4
e02135,training-e,abnormal,12.562,4,cache/cinc2016/e02135.npz,4
e02136,training-e,normal,22.032,7,cache/cinc2016/e02136.npz,2
e02137,training-e,abnormal,21.2465,7,cache/cinc2016/e02137.npz,4
e02138,training-e,normal,23.739,8,cache/cinc2016/e02138.npz,4
e02139,training-e,normal,12.278,3,cache/cinc2016/e02139.npz,2
e02140,training-e,normal,27.207,9,cache/cinc2016/e02140.npz,1
e02141,training-e,normal,27.499,9,cache/cinc2016/e02141.npz,4
f0001,training-f,normal,31.824,11,cache/cinc2016/f0001.npz,0
f0002,training-f,normal,30.336,11,cache/cinc2016/f0002.npz,4
f0003,training-f,abnormal,31.824,11,cache/cinc2016/f0003.npz,1
f0004,training-f,normal,35.136,13,cache/cinc2016/f0004.npz,1
f0005,training-f,normal,39.744,14,cache/cinc2016/f0005.npz,2
f0006,training-f,normal,32.208,11,cache/cinc2016/f0006.npz,1
f0007,training-f,abnormal,30.432,11,cache/cinc2016/f0007.npz,3
f0008,training-f,abnormal,42.336,15,cache/cinc2016/f0008.npz,3
f0009,training-f,normal,30.432,11,cache/cinc2016/f0009.npz,4
f0010,training-f,normal,32.448,11,cache/cinc2016/f0010.npz,3
f0011,training-f,normal,59.616,22,cache/cinc2016/f0011.npz,1
f0012,training-f,abnormal,33.36,12,cache/cinc2016/f0012.npz,0
f0013,training-f,normal,34.272,12,cache/cinc2016/f0013.npz,0
f0014,training-f,normal,43.104,16,cache/cinc2016/f0014.npz,0
f0015,training-f,normal,31.584,11,cache/cinc2016/f0015.npz,2
f0016,training-f,normal,31.632,11,cache/cinc2016/f0016.npz,3
f0017,training-f,normal,31.824,11,cache/cinc2016/f0017.npz,0
f0018,training-f,abnormal,30.528,11,cache/cinc2016/f0018.npz,3
f0019,training-f,normal,30.672,11,cache/cinc2016/f0019.npz,1
f0020,training-f,abnormal,30.864,11,cache/cinc2016/f0020.npz,4
f0021,training-f,normal,32.352,11,cache/cinc2016/f0021.npz,4
f0022,training-f,normal,30.48,11,cache/cinc2016/f0022.npz,0
f0023,training-f,normal,30.576,11,cache/cinc2016/f0023.npz,1
f0024,training-f,normal,32.16,11,cache/cinc2016/f0024.npz,0
f0025,training-f,normal,34.512,12,cache/cinc2016/f0025.npz,4
f0026,training-f,normal,31.632,11,cache/cinc2016/f0026.npz,3
f0027,training-f,normal,29.952,10,cache/cinc2016/f0027.npz,4
f0028,training-f,normal,34.128,12,cache/cinc2016/f0028.npz,4
f0029,training-f,abnormal,32.544,12,cache/cinc2016/f0029.npz,1
f0030,training-f,normal,33.552,12,cache/cinc2016/f0030.npz,3
f0031,training-f,normal,31.536,11,cache/cinc2016/f0031.npz,0
f0032,training-f,normal,30.816,11,cache/cinc2016/f0032.npz,1
f0033,training-f,normal,31.728,11,cache/cinc2016/f0033.npz,0
f0034,training-f,abnormal,32.256,11,cache/cinc2016/f0034.npz,0
f0035,training-f,abnormal,32.304,11,cache/cinc2016/f0035.npz,2
f0036,training-f,normal,30.48,11,cache/cinc2016/f0036.npz,2
f0037,training-f,normal,32.768,12,cache/cinc2016/f0037.npz,1
f0038,training-f,normal,32.928,12,cache/cinc2016/f0038.npz,1
f0039,training-f,normal,35.04,13,cache/cinc2016/f0039.npz,0
f0040,training-f,normal,31.488,11,cache/cinc2016/f0040.npz,3
f0041,training-f,abnormal,39.552,14,cache/cinc2016/f0041.npz,3
f0042,training-f,normal,32.4,11,cache/cinc2016/f0042.npz,3
f0043,training-f,normal,35.184,13,cache/cinc2016/f0043.npz,4
f0044,training-f,normal,30.096,11,cache/cinc2016/f0044.npz,2
f0045,training-f,abnormal,35.952,13,cache/cinc2016/f0045.npz,1
f0046,training-f,normal,39.648,14,cache/cinc2016/f0046.npz,0
f0047,training-f,abnormal,31.728,11,cache/cinc2016/f0047.npz,2
f0048,training-f,normal,32.304,11,cache/cinc2016/f0048.npz,1
f0049,training-f,normal,33.216,12,cache/cinc2016/f0049.npz,2
f0050,training-f,abnormal,30.432,11,cache/cinc2016/f0050.npz,1
f0051,training-f,normal,31.248,11,cache/cinc2016/f0051.npz,3
f0052,training-f,abnormal,33.408,12,cache/cinc2016/f0052.npz,2
f0053,training-f,normal,32.592,12,cache/cinc2016/f0053.npz,3
f0054,training-f,normal,30.96,11,cache/cinc2016/f0054.npz,3
f0055,training-f,normal,34.512,12,cache/cinc2016/f0055.npz,0
f0056,training-f,abnormal,30.864,11,cache/cinc2016/f0056.npz,3
f0057,training-f,abnormal,31.056,11,cache/cinc2016/f0057.npz,3
f0058,training-f,normal,40.608,15,cache/cinc2016/f0058.npz,1
f0059,training-f,normal,52.32,19,cache/cinc2016/f0059.npz,0
f0060,training-f,abnormal,31.296,11,cache/cinc2016/f0060.npz,2
f0061,training-f,normal,30.768,11,cache/cinc2016/f0061.npz,0
f0062,training-f,normal,31.248,11,cache/cinc2016/f0062.npz,0
f0063,training-f,abnormal,31.2,11,cache/cinc2016/f0063.npz,2
f0064,training-f,abnormal,34.896,12,cache/cinc2016/f0064.npz,0
f0065,training-f,normal,29.664,10,cache/cinc2016/f0065.npz,4
f0066,training-f,normal,30.288,11,cache/cinc2016/f0066.npz,3
f0067,training-f,abnormal,32.88,12,cache/cinc2016/f0067.npz,0
f0068,training-f,abnormal,33.504,12,cache/cinc2016/f0068.npz,2
f0069,training-f,abnormal,33.696,12,cache/cinc2016/f0069.npz,0
f0070,training-f,normal,31.344,11,cache/cinc2016/f0070.npz,2
f0071,training-f,abnormal,30.672,11,cache/cinc2016/f0071.npz,3
f0072,training-f,abnormal,30.686,11,cache/cinc2016/f0072.npz,2
f0073,training-f,normal,30.912,11,cache/cinc2016/f0073.npz,1
f0074,training-f,normal,33.888,12,cache/cinc2016/f0074.npz,2
f0075,training-f,normal,30.96,11,cache/cinc2016/f0075.npz,0
f0076,training-f,normal,32.784,12,cache/cinc2016/f0076.npz,1
f0077,training-f,normal,33.888,12,cache/cinc2016/f0077.npz,3
f0078,training-f,normal,32.784,12,cache/cinc2016/f0078.npz,4
f0079,training-f,abnormal,36.576,13,cache/cinc2016/f0079.npz,1
f0080,training-f,normal,30.572,11,cache/cinc2016/f0080.npz,2
f0081,training-f,normal,31.104,11,cache/cinc2016/f0081.npz,0
f0082,training-f,abnormal,31.536,11,cache/cinc2016/f0082.npz,3
f0083,training-f,abnormal,35.376,13,cache/cinc2016/f0083.npz,0
f0084,training-f,normal,34.224,12,cache/cinc2016/f0084.npz,4
f0085,training-f,abnormal,30.048,11,cache/cinc2016/f0085.npz,4
f0086,training-f,normal,31.68,11,cache/cinc2016/f0086.npz,0
f0087,training-f,normal,31.776,11,cache/cinc2016/f0087.npz,3
f0088,training-f,normal,31.248,11,cache/cinc2016/f0088.npz,1
f0089,training-f,abnormal,32.448,11,cache/cinc2016/f0089.npz,0
f0090,training-f,abnormal,30.0,11,cache/cinc2016/f0090.npz,0
f0091,training-f,normal,37.344,13,cache/cinc2016/f0091.npz,1
f0092,training-f,normal,31.824,11,cache/cinc2016/f0092.npz,1
f0093,training-f,abnormal,30.672,11,cache/cinc2016/f0093.npz,0
f0094,training-f,normal,30.336,11,cache/cinc2016/f0094.npz,1
f0095,training-f,normal,41.088,15,cache/cinc2016/f0095.npz,0
f0096,training-f,abnormal,32.496,11,cache/cinc2016/f0096.npz,2
f0097,training-f,normal,56.688,21,cache/cinc2016/f0097.npz,4
f0098,training-f,normal,29.62,10,cache/cinc2016/f0098.npz,3
f0099,training-f,abnormal,30.491,11,cache/cinc2016/f0099.npz,3
f0100,training-f,normal,31.344,11,cache/cinc2016/f0100.npz,3
f0101,training-f,normal,30.96,11,cache/cinc2016/f0101.npz,1
f0102,training-f,normal,31.152,11,cache/cinc2016/f0102.npz,0
f0103,training-f,abnormal,31.728,11,cache/cinc2016/f0103.npz,0
f0104,training-f,normal,30.864,11,cache/cinc2016/f0104.npz,3
f0105,training-f,normal,30.336,11,cache/cinc2016/f0105.npz,0
f0106,training-f,normal,32.318,11,cache/cinc2016/f0106.npz,3
f0107,training-f,normal,30.576,11,cache/cinc2016/f0107.npz,1
f0108,training-f,normal,30.528,11,cache/cinc2016/f0108.npz,4
f0109,training-f,normal,30.768,11,cache/cinc2016/f0109.npz,3
f0110,training-f,normal,30.672,11,cache/cinc2016/f0110.npz,1
f0111,training-f,normal,29.376,10,cache/cinc2016/f0111.npz,2
f0112,training-f,normal,30.432,11,cache/cinc2016/f0112.npz,4
f0113,training-f,normal,32.976,12,cache/cinc2016/f0113.npz,3
f0114,training-f,normal,31.392,11,cache/cinc2016/f0114.npz,1
